la_code,la_name,cluster_id,year,centroid_lon,centroid_lat,n_collisions,n_casualties,n_fatal,n_serious,n_slight,speed_limit,urban_or_rural,first_road_class,road_type,junction_detail
E08000008,Tameside,1,2019,-2.0607836666666666,53.493195,1,1,0,0,1,20,1,6,6,3
E08000008,Tameside,1,2020,-2.0607836666666666,53.493195,1,2,0,0,1,20,1,6,6,3
E08000008,Tameside,1,2021,-2.0607836666666666,53.493195,0,0,0,0,0,20,1,6,6,3
E08000008,Tameside,1,2022,-2.0607836666666666,53.493195,1,3,0,1,0,20,1,6,6,3
E08000008,Tameside,1,2023,-2.0607836666666666,53.493195,0,0,0,0,0,20,1,6,6,3
E08000008,Tameside,1,2024,-2.0607836666666666,53.493195,0,0,0,0,0,20,1,6,6,3
E08000008,Tameside,2,2019,-2.0797999999999996,53.509167000000005,1,1,0,0,1,20,1,5,6,8
E08000008,Tameside,2,2020,-2.0797999999999996,53.509167000000005,0,0,0,0,0,20,1,5,6,8
E08000008,Tameside,2,2021,-2.0797999999999996,53.509167000000005,1,1,0,0,1,20,1,5,6,8
E08000008,Tameside,2,2022,-2.0797999999999996,53.509167000000005,0,0,0,0,0,20,1,5,6,8
E08000008,Tameside,2,2023,-2.0797999999999996,53.509167000000005,0,0,0,0,0,20,1,5,6,8
E08000008,Tameside,2,2024,-2.0797999999999996,53.509167000000005,0,0,0,0,0,20,1,5,6,8
E08000008,Tameside,3,2019,-2.097488142857143,53.485497571428574,8,12,0,0,8,30,1,6,6,6
E08000008,Tameside,3,2020,-2.097488142857143,53.485497571428574,4,6,0,2,2,30,1,6,6,6
E08000008,Tameside,3,2021,-2.097488142857143,53.485497571428574,2,8,0,1,1,30,1,6,6,6
E08000008,Tameside,3,2022,-2.097488142857143,53.485497571428574,4,4,0,3,1,30,1,6,6,6
E08000008,Tameside,3,2023,-2.097488142857143,53.485497571428574,3,3,0,0,3,30,1,6,6,6
E08000008,Tameside,3,2024,-2.097488142857143,53.485497571428574,0,0,0,0,0,30,1,6,6,6
E08000008,Tameside,4,2019,-2.090586,53.473009363636365,4,4,0,0,4,30,1,3,6,3
E08000008,Tameside,4,2020,-2.090586,53.473009363636365,1,1,0,0,1,30,1,3,6,3
E08000008,Tameside,4,2021,-2.090586,53.473009363636365,5,8,0,1,4,30,1,3,6,3
E08000008,Tameside,4,2022,-2.090586,53.473009363636365,1,2,0,0,1,30,1,3,6,3
E08000008,Tameside,4,2023,-2.090586,53.473009363636365,0,0,0,0,0,30,1,3,6,3
E08000008,Tameside,4,2024,-2.090586,53.473009363636365,0,0,0,0,0,30,1,3,6,3
E08000008,Tameside,5,2019,-2.114596166666667,53.47546366666667,1,1,0,0,1,30,1,3,6,0
E08000008,Tameside,5,2020,-2.114596166666667,53.47546366666667,1,1,0,0,1,30,1,3,6,0
E08000008,Tameside,5,2021,-2.114596166666667,53.47546366666667,1,1,0,1,0,30,1,3,6,0
E08000008,Tameside,5,2022,-2.114596166666667,53.47546366666667,1,1,0,0,1,30,1,3,6,0
E08000008,Tameside,5,2023,-2.114596166666667,53.47546366666667,2,2,0,0,2,30,1,3,6,0
E08000008,Tameside,5,2024,-2.114596166666667,53.47546366666667,0,0,0,0,0,30,1,3,6,0
E08000008,Tameside,6,2019,-2.0507486153846153,53.48322723076923,2,2,0,0,2,30,1,3,6,3
E08000008,Tameside,6,2020,-2.0507486153846153,53.48322723076923,2,3,0,0,2,30,1,3,6,3
E08000008,Tameside,6,2021,-2.0507486153846153,53.48322723076923,1,1,0,0,1,30,1,3,6,3
E08000008,Tameside,6,2022,-2.0507486153846153,53.48322723076923,1,2,0,1,0,30,1,3,6,3
E08000008,Tameside,6,2023,-2.0507486153846153,53.48322723076923,7,8,0,2,5,30,1,3,6,3
E08000008,Tameside,6,2024,-2.0507486153846153,53.48322723076923,0,0,0,0,0,30,1,3,6,3
E08000008,Tameside,7,2019,-2.10003675,53.49101275,5,5,0,0,5,30,1,3,6,3
E08000008,Tameside,7,2020,-2.10003675,53.49101275,1,1,0,1,0,30,1,3,6,3
E08000008,Tameside,7,2021,-2.10003675,53.49101275,2,2,0,1,1,30,1,3,6,3
E08000008,Tameside,7,2022,-2.10003675,53.49101275,6,8,1,0,5,30,1,3,6,3
E08000008,Tameside,7,2023,-2.10003675,53.49101275,2,2,0,1,1,30,1,3,6,3
E08000008,Tameside,7,2024,-2.10003675,53.49101275,0,0,0,0,0,30,1,3,6,3
E08000008,Tameside,8,2019,-2.089928,53.468379666666664,1,1,0,0,1,30,1,3,6,1
E08000008,Tameside,8,2020,-2.089928,53.468379666666664,1,1,0,0,1,30,1,3,6,1
E08000008,Tameside,8,2021,-2.089928,53.468379666666664,1,2,0,0,1,30,1,3,6,1
E08000008,Tameside,8,2022,-2.089928,53.468379666666664,3,6,0,0,3,30,1,3,6,1
E08000008,Tameside,8,2023,-2.089928,53.468379666666664,0,0,0,0,0,30,1,3,6,1
E08000008,Tameside,8,2024,-2.089928,53.468379666666664,0,0,0,0,0,30,1,3,6,1
E08000008,Tameside,9,2019,-2.0538015,53.511857500000005,1,1,0,1,0,40,2,3,6,0
E08000008,Tameside,9,2020,-2.0538015,53.511857500000005,0,0,0,0,0,40,2,3,6,0
E08000008,Tameside,9,2021,-2.0538015,53.511857500000005,0,0,0,0,0,40,2,3,6,0
E08000008,Tameside,9,2022,-2.0538015,53.511857500000005,1,1,0,0,1,40,2,3,6,0
E08000008,Tameside,9,2023,-2.0538015,53.511857500000005,0,0,0,0,0,40,2,3,6,0
E08000008,Tameside,9,2024,-2.0538015,53.511857500000005,0,0,0,0,0,40,2,3,6,0
E08000008,Tameside,10,2019,-2.07803,53.5169704,2,2,0,1,1,40,2,4,6,0
E08000008,Tameside,10,2020,-2.07803,53.5169704,0,0,0,0,0,40,2,4,6,0
E08000008,Tameside,10,2021,-2.07803,53.5169704,0,0,0,0,0,40,2,4,6,0
E08000008,Tameside,10,2022,-2.07803,53.5169704,1,1,0,1,0,40,2,4,6,0
E08000008,Tameside,10,2023,-2.07803,53.5169704,2,3,0,1,1,40,2,4,6,0
E08000008,Tameside,10,2024,-2.07803,53.5169704,0,0,0,0,0,40,2,4,6,0
E08000008,Tameside,11,2019,-2.1230645555555556,53.45797066666667,3,3,0,1,2,30,1,6,6,3
E08000008,Tameside,11,2020,-2.1230645555555556,53.45797066666667,0,0,0,0,0,30,1,6,6,3
E08000008,Tameside,11,2021,-2.1230645555555556,53.45797066666667,2,2,0,1,1,30,1,6,6,3
E08000008,Tameside,11,2022,-2.1230645555555556,53.45797066666667,1,1,0,0,1,30,1,6,6,3
E08000008,Tameside,11,2023,-2.1230645555555556,53.45797066666667,3,5,0,2,1,30,1,6,6,3
E08000008,Tameside,11,2024,-2.1230645555555556,53.45797066666667,0,0,0,0,0,30,1,6,6,3
E08000008,Tameside,12,2019,-2.1006984285714285,53.494368,4,8,0,0,4,30,1,3,6,3
E08000008,Tameside,12,2020,-2.1006984285714285,53.494368,1,1,0,0,1,30,1,3,6,3
E08000008,Tameside,12,2021,-2.1006984285714285,53.494368,2,2,0,0,2,30,1,3,6,3
E08000008,Tameside,12,2022,-2.1006984285714285,53.494368,0,0,0,0,0,30,1,3,6,3
E08000008,Tameside,12,2023,-2.1006984285714285,53.494368,0,0,0,0,0,30,1,3,6,3
E08000008,Tameside,12,2024,-2.1006984285714285,53.494368,0,0,0,0,0,30,1,3,6,3
E08000008,Tameside,13,2019,-2.1369702142857143,53.457112928571426,6,7,0,0,6,40,1,3,1,1
E08000008,Tameside,13,2020,-2.1369702142857143,53.457112928571426,1,3,0,1,0,40,1,3,1,1
E08000008,Tameside,13,2021,-2.1369702142857143,53.457112928571426,3,4,0,0,3,40,1,3,1,1
E08000008,Tameside,13,2022,-2.1369702142857143,53.457112928571426,0,0,0,0,0,40,1,3,1,1
E08000008,Tameside,13,2023,-2.1369702142857143,53.457112928571426,4,6,0,0,4,40,1,3,1,1
E08000008,Tameside,13,2024,-2.1369702142857143,53.457112928571426,0,0,0,0,0,40,1,3,1,1
E08000008,Tameside,14,2019,-2.0876563333333333,53.489102125,4,5,0,1,3,30,1,3,6,0
E08000008,Tameside,14,2020,-2.0876563333333333,53.489102125,4,4,0,2,2,30,1,3,6,0
E08000008,Tameside,14,2021,-2.0876563333333333,53.489102125,2,7,0,1,1,30,1,3,6,0
E08000008,Tameside,14,2022,-2.0876563333333333,53.489102125,9,11,0,2,7,30,1,3,6,0
E08000008,Tameside,14,2023,-2.0876563333333333,53.489102125,5,5,0,0,5,30,1,3,6,0
E08000008,Tameside,14,2024,-2.0876563333333333,53.489102125,0,0,0,0,0,30,1,3,6,0
E08000008,Tameside,15,2019,-2.0618426666666667,53.48641404166666,4,4,1,0,3,30,1,6,6,0
E08000008,Tameside,15,2020,-2.0618426666666667,53.48641404166666,3,4,0,0,3,30,1,6,6,0
E08000008,Tameside,15,2021,-2.0618426666666667,53.48641404166666,5,10,0,3,2,30,1,6,6,0
E08000008,Tameside,15,2022,-2.0618426666666667,53.48641404166666,7,12,0,3,4,30,1,6,6,0
E08000008,Tameside,15,2023,-2.0618426666666667,53.48641404166666,5,11,0,1,4,30,1,6,6,0
E08000008,Tameside,15,2024,-2.0618426666666667,53.48641404166666,0,0,0,0,0,30,1,6,6,0
E08000008,Tameside,16,2019,-2.110363333333334,53.49896533333333,1,1,0,0,1,30,1,6,6,0
E08000008,Tameside,16,2020,-2.110363333333334,53.49896533333333,1,1,0,0,1,30,1,6,6,0
E08000008,Tameside,16,2021,-2.110363333333334,53.49896533333333,1,1,0,0,1,30,1,6,6,0
E08000008,Tameside,16,2022,-2.110363333333334,53.49896533333333,2,2,0,1,1,30,1,6,6,0
E08000008,Tameside,16,2023,-2.110363333333334,53.49896533333333,1,1,0,0,1,30,1,6,6,0
E08000008,Tameside,16,2024,-2.110363333333334,53.49896533333333,0,0,0,0,0,30,1,6,6,0
E08000008,Tameside,17,2019,-2.073109076923077,53.48534469230769,6,11,0,2,4,30,1,3,6,3
E08000008,Tameside,17,2020,-2.073109076923077,53.48534469230769,1,1,0,0,1,30,1,3,6,3
E08000008,Tameside,17,2021,-2.073109076923077,53.48534469230769,3,8,1,0,2,30,1,3,6,3
E08000008,Tameside,17,2022,-2.073109076923077,53.48534469230769,0,0,0,0,0,30,1,3,6,3
E08000008,Tameside,17,2023,-2.073109076923077,53.48534469230769,3,3,0,2,1,30,1,3,6,3
E08000008,Tameside,17,2024,-2.073109076923077,53.48534469230769,0,0,0,0,0,30,1,3,6,3
E08000008,Tameside,18,2019,-2.0924044,53.4874296,3,13,0,1,2,30,1,6,6,3
E08000008,Tameside,18,2020,-2.0924044,53.4874296,2,3,0,0,2,30,1,6,6,3
E08000008,Tameside,18,2021,-2.0924044,53.4874296,2,2,0,1,1,30,1,6,6,3
E08000008,Tameside,18,2022,-2.0924044,53.4874296,3,4,0,0,3,30,1,6,6,3
E08000008,Tameside,18,2023,-2.0924044,53.4874296,0,0,0,0,0,30,1,6,6,3
E08000008,Tameside,18,2024,-2.0924044,53.4874296,0,0,0,0,0,30,1,6,6,3
E08000008,Tameside,19,2019,-2.038034,53.5243722,2,4,0,0,2,30,1,3,6,0
E08000008,Tameside,19,2020,-2.038034,53.5243722,0,0,0,0,0,30,1,3,6,0
E08000008,Tameside,19,2021,-2.038034,53.5243722,2,2,0,0,2,30,1,3,6,0
E08000008,Tameside,19,2022,-2.038034,53.5243722,0,0,0,0,0,30,1,3,6,0
E08000008,Tameside,19,2023,-2.038034,53.5243722,1,1,0,0,1,30,1,3,6,0
E08000008,Tameside,19,2024,-2.038034,53.5243722,0,0,0,0,0,30,1,3,6,0
E08000008,Tameside,20,2019,-2.0800115714285714,53.46983042857143,1,1,0,1,0,30,1,6,6,0
E08000008,Tameside,20,2020,-2.0800115714285714,53.46983042857143,0,0,0,0,0,30,1,6,6,0
E08000008,Tameside,20,2021,-2.0800115714285714,53.46983042857143,2,5,1,1,0,30,1,6,6,0
E08000008,Tameside,20,2022,-2.0800115714285714,53.46983042857143,2,2,0,0,2,30,1,6,6,0
E08000008,Tameside,20,2023,-2.0800115714285714,53.46983042857143,2,2,0,0,2,30,1,6,6,0
E08000008,Tameside,20,2024,-2.0800115714285714,53.46983042857143,0,0,0,0,0,30,1,6,6,0
E08000008,Tameside,21,2019,-2.113919,53.4864475,1,1,0,0,1,30,1,3,3,0
E08000008,Tameside,21,2020,-2.113919,53.4864475,1,1,0,1,0,30,1,3,3,0
E08000008,Tameside,21,2021,-2.113919,53.4864475,0,0,0,0,0,30,1,3,3,0
E08000008,Tameside,21,2022,-2.113919,53.4864475,0,0,0,0,0,30,1,3,3,0
E08000008,Tameside,21,2023,-2.113919,53.4864475,2,2,0,0,2,30,1,3,3,0
E08000008,Tameside,21,2024,-2.113919,53.4864475,0,0,0,0,0,30,1,3,3,0
E08000008,Tameside,22,2019,-2.0567020625,53.482878875,3,3,0,0,3,30,1,6,6,3
E08000008,Tameside,22,2020,-2.0567020625,53.482878875,4,4,0,2,2,30,1,6,6,3
E08000008,Tameside,22,2021,-2.0567020625,53.482878875,5,7,1,0,4,30,1,6,6,3
E08000008,Tameside,22,2022,-2.0567020625,53.482878875,2,2,0,1,1,30,1,6,6,3
E08000008,Tameside,22,2023,-2.0567020625,53.482878875,2,2,0,0,2,30,1,6,6,3
E08000008,Tameside,22,2024,-2.0567020625,53.482878875,0,0,0,0,0,30,1,6,6,3
E08000008,Tameside,23,2019,-2.0848013333333335,53.4952285,2,2,0,0,2,30,1,6,6,3
E08000008,Tameside,23,2020,-2.0848013333333335,53.4952285,1,1,0,0,1,30,1,6,6,3
E08000008,Tameside,23,2021,-2.0848013333333335,53.4952285,1,1,0,0,1,30,1,6,6,3
E08000008,Tameside,23,2022,-2.0848013333333335,53.4952285,1,1,0,0,1,30,1,6,6,3
E08000008,Tameside,23,2023,-2.0848013333333335,53.4952285,1,2,0,0,1,30,1,6,6,3
E08000008,Tameside,23,2024,-2.0848013333333335,53.4952285,0,0,0,0,0,30,1,6,6,3
E08000008,Tameside,24,2019,-2.1546395,53.4528485,1,2,0,0,1,20,1,6,6,3
E08000008,Tameside,24,2020,-2.1546395,53.4528485,0,0,0,0,0,20,1,6,6,3
E08000008,Tameside,24,2021,-2.1546395,53.4528485,1,1,0,1,0,20,1,6,6,3
E08000008,Tameside,24,2022,-2.1546395,53.4528485,0,0,0,0,0,20,1,6,6,3
E08000008,Tameside,24,2023,-2.1546395,53.4528485,0,0,0,0,0,20,1,6,6,3
E08000008,Tameside,24,2024,-2.1546395,53.4528485,0,0,0,0,0,20,1,6,6,3
E08000008,Tameside,25,2019,-2.1083719166666666,53.48259075,6,9,0,0,6,30,1,3,6,3
E08000008,Tameside,25,2020,-2.1083719166666666,53.48259075,2,3,1,0,1,30,1,3,6,3
E08000008,Tameside,25,2021,-2.1083719166666666,53.48259075,1,1,1,0,0,30,1,3,6,3
E08000008,Tameside,25,2022,-2.1083719166666666,53.48259075,2,2,0,0,2,30,1,3,6,3
E08000008,Tameside,25,2023,-2.1083719166666666,53.48259075,1,1,0,0,1,30,1,3,6,3
E08000008,Tameside,25,2024,-2.1083719166666666,53.48259075,0,0,0,0,0,30,1,3,6,3
E08000008,Tameside,26,2019,-2.091265,53.5013125,1,1,0,0,1,20,1,5,6,3
E08000008,Tameside,26,2020,-2.091265,53.5013125,1,1,0,0,1,20,1,5,6,3
E08000008,Tameside,26,2021,-2.091265,53.5013125,0,0,0,0,0,20,1,5,6,3
E08000008,Tameside,26,2022,-2.091265,53.5013125,0,0,0,0,0,20,1,5,6,3
E08000008,Tameside,26,2023,-2.091265,53.5013125,0,0,0,0,0,20,1,5,6,3
E08000008,Tameside,26,2024,-2.091265,53.5013125,0,0,0,0,0,20,1,5,6,3
E08000008,Tameside,27,2019,-2.066798,53.4710888,3,3,0,0,3,20,1,6,6,3
E08000008,Tameside,27,2020,-2.066798,53.4710888,0,0,0,0,0,20,1,6,6,3
E08000008,Tameside,27,2021,-2.066798,53.4710888,0,0,0,0,0,20,1,6,6,3
E08000008,Tameside,27,2022,-2.066798,53.4710888,1,1,0,0,1,20,1,6,6,3
E08000008,Tameside,27,2023,-2.066798,53.4710888,1,1,0,0,1,20,1,6,6,3
E08000008,Tameside,27,2024,-2.066798,53.4710888,0,0,0,0,0,20,1,6,6,3
E08000008,Tameside,28,2019,-2.0931229411764707,53.49159917647059,2,4,0,0,2,30,1,3,6,6
E08000008,Tameside,28,2020,-2.0931229411764707,53.49159917647059,1,1,0,0,1,30,1,3,6,6
E08000008,Tameside,28,2021,-2.0931229411764707,53.49159917647059,4,6,1,0,3,30,1,3,6,6
E08000008,Tameside,28,2022,-2.0931229411764707,53.49159917647059,4,5,0,2,2,30,1,3,6,6
E08000008,Tameside,28,2023,-2.0931229411764707,53.49159917647059,6,8,0,2,4,30,1,3,6,6
E08000008,Tameside,28,2024,-2.0931229411764707,53.49159917647059,0,0,0,0,0,30,1,3,6,6
E08000008,Tameside,29,2019,-2.0797677272727273,53.48706190909091,2,5,0,1,1,30,1,3,6,3
E08000008,Tameside,29,2020,-2.0797677272727273,53.48706190909091,2,4,0,2,0,30,1,3,6,3
E08000008,Tameside,29,2021,-2.0797677272727273,53.48706190909091,3,4,0,0,3,30,1,3,6,3
E08000008,Tameside,29,2022,-2.0797677272727273,53.48706190909091,2,3,0,1,1,30,1,3,6,3
E08000008,Tameside,29,2023,-2.0797677272727273,53.48706190909091,2,2,0,2,0,30,1,3,6,3
E08000008,Tameside,29,2024,-2.0797677272727273,53.48706190909091,0,0,0,0,0,30,1,3,6,3
E08000008,Tameside,30,2019,-2.066447,53.503639,1,1,0,0,1,20,1,5,6,5
E08000008,Tameside,30,2020,-2.066447,53.503639,0,0,0,0,0,20,1,5,6,5
E08000008,Tameside,30,2021,-2.066447,53.503639,0,0,0,0,0,20,1,5,6,5
E08000008,Tameside,30,2022,-2.066447,53.503639,0,0,0,0,0,20,1,5,6,5
E08000008,Tameside,30,2023,-2.066447,53.503639,0,0,0,0,0,20,1,5,6,5
E08000008,Tameside,30,2024,-2.066447,53.503639,0,0,0,0,0,20,1,5,6,5
E08000008,Tameside,31,2019,-2.079143625,53.4759945,3,3,0,0,3,30,1,4,6,0
E08000008,Tameside,31,2020,-2.079143625,53.4759945,2,2,0,0,2,30,1,4,6,0
E08000008,Tameside,31,2021,-2.079143625,53.4759945,1,1,0,0,1,30,1,4,6,0
E08000008,Tameside,31,2022,-2.079143625,53.4759945,2,4,1,1,0,30,1,4,6,0
E08000008,Tameside,31,2023,-2.079143625,53.4759945,0,0,0,0,0,30,1,4,6,0
E08000008,Tameside,31,2024,-2.079143625,53.4759945,0,0,0,0,0,30,1,4,6,0
E08000008,Tameside,32,2019,-2.09881275,53.47099425,1,1,0,0,1,30,1,6,6,8
E08000008,Tameside,32,2020,-2.09881275,53.47099425,0,0,0,0,0,30,1,6,6,8
E08000008,Tameside,32,2021,-2.09881275,53.47099425,1,4,0,1,0,30,1,6,6,8
E08000008,Tameside,32,2022,-2.09881275,53.47099425,2,2,0,1,1,30,1,6,6,8
E08000008,Tameside,32,2023,-2.09881275,53.47099425,0,0,0,0,0,30,1,6,6,8
E08000008,Tameside,32,2024,-2.09881275,53.47099425,0,0,0,0,0,30,1,6,6,8
E08000008,Tameside,33,2019,-2.1027686,53.4843056,2,3,0,1,1,30,1,3,3,0
E08000008,Tameside,33,2020,-2.1027686,53.4843056,0,0,0,0,0,30,1,3,3,0
E08000008,Tameside,33,2021,-2.1027686,53.4843056,0,0,0,0,0,30,1,3,3,0
E08000008,Tameside,33,2022,-2.1027686,53.4843056,3,3,0,1,2,30,1,3,3,0
E08000008,Tameside,33,2023,-2.1027686,53.4843056,0,0,0,0,0,30,1,3,3,0
E08000008,Tameside,33,2024,-2.1027686,53.4843056,0,0,0,0,0,30,1,3,3,0
E08000008,Tameside,34,2019,-2.1487858571428573,53.47248992857143,9,9,0,2,7,30,1,3,6,3
E08000008,Tameside,34,2020,-2.1487858571428573,53.47248992857143,1,1,0,0,1,30,1,3,6,3
E08000008,Tameside,34,2021,-2.1487858571428573,53.47248992857143,1,1,0,0,1,30,1,3,6,3
E08000008,Tameside,34,2022,-2.1487858571428573,53.47248992857143,3,3,0,0,3,30,1,3,6,3
E08000008,Tameside,34,2023,-2.1487858571428573,53.47248992857143,0,0,0,0,0,30,1,3,6,3
E08000008,Tameside,34,2024,-2.1487858571428573,53.47248992857143,0,0,0,0,0,30,1,3,6,3
E08000008,Tameside,35,2019,-2.028467,53.5276594,3,4,0,1,2,30,1,3,6,3
E08000008,Tameside,35,2020,-2.028467,53.5276594,0,0,0,0,0,30,1,3,6,3
E08000008,Tameside,35,2021,-2.028467,53.5276594,1,1,0,1,0,30,1,3,6,3
E08000008,Tameside,35,2022,-2.028467,53.5276594,1,1,0,0,1,30,1,3,6,3
E08000008,Tameside,35,2023,-2.028467,53.5276594,0,0,0,0,0,30,1,3,6,3
E08000008,Tameside,35,2024,-2.028467,53.5276594,0,0,0,0,0,30,1,3,6,3
E08000008,Tameside,36,2019,-2.046570625,53.51911975,3,3,0,0,3,30,1,3,6,3
E08000008,Tameside,36,2020,-2.046570625,53.51911975,1,1,0,0,1,30,1,3,6,3
E08000008,Tameside,36,2021,-2.046570625,53.51911975,1,2,0,1,0,30,1,3,6,3
E08000008,Tameside,36,2022,-2.046570625,53.51911975,1,1,0,0,1,30,1,3,6,3
E08000008,Tameside,36,2023,-2.046570625,53.51911975,2,3,0,1,1,30,1,3,6,3
E08000008,Tameside,36,2024,-2.046570625,53.51911975,0,0,0,0,0,30,1,3,6,3
E08000008,Tameside,37,2019,-2.0838813333333333,53.47541911111111,2,3,0,0,2,30,1,6,6,3
E08000008,Tameside,37,2020,-2.0838813333333333,53.47541911111111,0,0,0,0,0,30,1,6,6,3
E08000008,Tameside,37,2021,-2.0838813333333333,53.47541911111111,0,0,0,0,0,30,1,6,6,3
E08000008,Tameside,37,2022,-2.0838813333333333,53.47541911111111,3,3,0,1,2,30,1,6,6,3
E08000008,Tameside,37,2023,-2.0838813333333333,53.47541911111111,4,5,0,0,4,30,1,6,6,3
E08000008,Tameside,37,2024,-2.0838813333333333,53.47541911111111,0,0,0,0,0,30,1,6,6,3
E08000008,Tameside,38,2019,-2.0902250000000002,53.4976455,1,1,0,0,1,20,1,6,6,6
E08000008,Tameside,38,2020,-2.0902250000000002,53.4976455,3,3,0,0,3,20,1,6,6,6
E08000008,Tameside,38,2021,-2.0902250000000002,53.4976455,0,0,0,0,0,20,1,6,6,6
E08000008,Tameside,38,2022,-2.0902250000000002,53.4976455,0,0,0,0,0,20,1,6,6,6
E08000008,Tameside,38,2023,-2.0902250000000002,53.4976455,0,0,0,0,0,20,1,6,6,6
E08000008,Tameside,38,2024,-2.0902250000000002,53.4976455,0,0,0,0,0,20,1,6,6,6
E08000008,Tameside,39,2019,-2.037431,53.5181245,1,1,0,0,1,30,1,6,6,0
E08000008,Tameside,39,2020,-2.037431,53.5181245,0,0,0,0,0,30,1,6,6,0
E08000008,Tameside,39,2021,-2.037431,53.5181245,0,0,0,0,0,30,1,6,6,0
E08000008,Tameside,39,2022,-2.037431,53.5181245,1,1,1,0,0,30,1,6,6,0
E08000008,Tameside,39,2023,-2.037431,53.5181245,0,0,0,0,0,30,1,6,6,0
E08000008,Tameside,39,2024,-2.037431,53.5181245,0,0,0,0,0,30,1,6,6,0
E08000008,Tameside,40,2019,-2.078415947368421,53.49346042105263,6,8,0,1,5,30,1,3,6,0
E08000008,Tameside,40,2020,-2.078415947368421,53.49346042105263,8,13,0,2,6,30,1,3,6,0
E08000008,Tameside,40,2021,-2.078415947368421,53.49346042105263,3,5,0,1,2,30,1,3,6,0
E08000008,Tameside,40,2022,-2.078415947368421,53.49346042105263,0,0,0,0,0,30,1,3,6,0
E08000008,Tameside,40,2023,-2.078415947368421,53.49346042105263,2,2,0,0,2,30,1,3,6,0
E08000008,Tameside,40,2024,-2.078415947368421,53.49346042105263,0,0,0,0,0,30,1,3,6,0
E08000008,Tameside,41,2019,-2.0430115714285715,53.485819285714285,2,2,0,0,2,30,1,4,6,0
E08000008,Tameside,41,2020,-2.0430115714285715,53.485819285714285,0,0,0,0,0,30,1,4,6,0
E08000008,Tameside,41,2021,-2.0430115714285715,53.485819285714285,1,1,0,0,1,30,1,4,6,0
E08000008,Tameside,41,2022,-2.0430115714285715,53.485819285714285,2,2,0,1,1,30,1,4,6,0
E08000008,Tameside,41,2023,-2.0430115714285715,53.485819285714285,2,7,0,0,2,30,1,4,6,0
E08000008,Tameside,41,2024,-2.0430115714285715,53.485819285714285,0,0,0,0,0,30,1,4,6,0
E08000008,Tameside,42,2019,-2.0785546363636365,53.49957236363636,2,5,0,0,2,30,1,4,6,3
E08000008,Tameside,42,2020,-2.0785546363636365,53.49957236363636,2,2,0,0,2,30,1,4,6,3
E08000008,Tameside,42,2021,-2.0785546363636365,53.49957236363636,2,2,1,0,1,30,1,4,6,3
E08000008,Tameside,42,2022,-2.0785546363636365,53.49957236363636,2,4,0,1,1,30,1,4,6,3
E08000008,Tameside,42,2023,-2.0785546363636365,53.49957236363636,3,3,0,2,1,30,1,4,6,3
E08000008,Tameside,42,2024,-2.0785546363636365,53.49957236363636,0,0,0,0,0,30,1,4,6,3
E08000008,Tameside,43,2019,-2.0993702631578945,53.48840494736842,3,3,0,0,3,30,1,6,6,3
E08000008,Tameside,43,2020,-2.0993702631578945,53.48840494736842,2,3,0,0,2,30,1,6,6,3
E08000008,Tameside,43,2021,-2.0993702631578945,53.48840494736842,5,6,0,0,5,30,1,6,6,3
E08000008,Tameside,43,2022,-2.0993702631578945,53.48840494736842,3,4,0,1,2,30,1,6,6,3
E08000008,Tameside,43,2023,-2.0993702631578945,53.48840494736842,6,8,0,0,6,30,1,6,6,3
E08000008,Tameside,43,2024,-2.0993702631578945,53.48840494736842,0,0,0,0,0,30,1,6,6,3
E08000008,Tameside,44,2019,-2.0701762500000003,53.460667125,1,1,0,0,1,30,1,6,6,3
E08000008,Tameside,44,2020,-2.0701762500000003,53.460667125,1,1,0,0,1,30,1,6,6,3
E08000008,Tameside,44,2021,-2.0701762500000003,53.460667125,3,3,0,1,2,30,1,6,6,3
E08000008,Tameside,44,2022,-2.0701762500000003,53.460667125,2,4,0,0,2,30,1,6,6,3
E08000008,Tameside,44,2023,-2.0701762500000003,53.460667125,1,1,0,0,1,30,1,6,6,3
E08000008,Tameside,44,2024,-2.0701762500000003,53.460667125,0,0,0,0,0,30,1,6,6,3
E08000008,Tameside,45,2019,-2.0935995384615387,53.480924,2,2,0,0,2,30,1,3,6,0
E08000008,Tameside,45,2020,-2.0935995384615387,53.480924,4,5,0,0,4,30,1,3,6,0
E08000008,Tameside,45,2021,-2.0935995384615387,53.480924,4,6,0,1,3,30,1,3,6,0
E08000008,Tameside,45,2022,-2.0935995384615387,53.480924,3,6,0,0,3,30,1,3,6,0
E08000008,Tameside,45,2023,-2.0935995384615387,53.480924,0,0,0,0,0,30,1,3,6,0
E08000008,Tameside,45,2024,-2.0935995384615387,53.480924,0,0,0,0,0,30,1,3,6,0
E08000008,Tameside,46,2019,-2.065041,53.48089366666667,2,2,0,0,2,30,1,5,6,0
E08000008,Tameside,46,2020,-2.065041,53.48089366666667,1,1,0,0,1,30,1,5,6,0
E08000008,Tameside,46,2021,-2.065041,53.48089366666667,1,1,1,0,0,30,1,5,6,0
E08000008,Tameside,46,2022,-2.065041,53.48089366666667,1,1,0,0,1,30,1,5,6,0
E08000008,Tameside,46,2023,-2.065041,53.48089366666667,1,1,0,0,1,30,1,5,6,0
E08000008,Tameside,46,2024,-2.065041,53.48089366666667,0,0,0,0,0,30,1,5,6,0
E08000008,Tameside,47,2019,-2.0263166666666668,53.51017133333333,2,4,0,1,1,30,2,5,6,0
E08000008,Tameside,47,2020,-2.0263166666666668,53.51017133333333,1,1,0,0,1,30,2,5,6,0
E08000008,Tameside,47,2021,-2.0263166666666668,53.51017133333333,0,0,0,0,0,30,2,5,6,0
E08000008,Tameside,47,2022,-2.0263166666666668,53.51017133333333,0,0,0,0,0,30,2,5,6,0
E08000008,Tameside,47,2023,-2.0263166666666668,53.51017133333333,0,0,0,0,0,30,2,5,6,0
E08000008,Tameside,47,2024,-2.0263166666666668,53.51017133333333,0,0,0,0,0,30,2,5,6,0
E08000008,Tameside,48,2019,-2.1045868,53.5018481,3,3,0,0,3,30,1,3,6,6
E08000008,Tameside,48,2020,-2.1045868,53.5018481,1,1,0,0,1,30,1,3,6,6
E08000008,Tameside,48,2021,-2.1045868,53.5018481,2,3,0,1,1,30,1,3,6,6
E08000008,Tameside,48,2022,-2.1045868,53.5018481,3,3,0,2,1,30,1,3,6,6
E08000008,Tameside,48,2023,-2.1045868,53.5018481,1,1,0,1,0,30,1,3,6,6
E08000008,Tameside,48,2024,-2.1045868,53.5018481,0,0,0,0,0,30,1,3,6,6
E08000008,Tameside,49,2019,-2.1157583333333334,53.4817305,3,6,0,0,3,70,1,1,3,0
E08000008,Tameside,49,2020,-2.1157583333333334,53.4817305,1,1,0,0,1,70,1,1,3,0
E08000008,Tameside,49,2021,-2.1157583333333334,53.4817305,5,8,0,0,5,70,1,1,3,0
E08000008,Tameside,49,2022,-2.1157583333333334,53.4817305,2,3,0,0,2,70,1,1,3,0
E08000008,Tameside,49,2023,-2.1157583333333334,53.4817305,1,1,0,0,1,70,1,1,3,0
E08000008,Tameside,49,2024,-2.1157583333333334,53.4817305,0,0,0,0,0,70,1,1,3,0
E08000008,Tameside,50,2019,-2.1060335714285716,53.48880571428572,2,2,0,0,2,30,1,6,6,3
E08000008,Tameside,50,2020,-2.1060335714285716,53.48880571428572,2,2,0,1,1,30,1,6,6,3
E08000008,Tameside,50,2021,-2.1060335714285716,53.48880571428572,1,1,0,0,1,30,1,6,6,3
E08000008,Tameside,50,2022,-2.1060335714285716,53.48880571428572,2,2,0,1,1,30,1,6,6,3
E08000008,Tameside,50,2023,-2.1060335714285716,53.48880571428572,0,0,0,0,0,30,1,6,6,3
E08000008,Tameside,50,2024,-2.1060335714285716,53.48880571428572,0,0,0,0,0,30,1,6,6,3
E08000008,Tameside,51,2019,-2.07551775,53.437079,1,1,0,0,1,30,1,3,6,6
E08000008,Tameside,51,2020,-2.07551775,53.437079,0,0,0,0,0,30,1,3,6,6
E08000008,Tameside,51,2021,-2.07551775,53.437079,2,3,0,1,1,30,1,3,6,6
E08000008,Tameside,51,2022,-2.07551775,53.437079,0,0,0,0,0,30,1,3,6,6
E08000008,Tameside,51,2023,-2.07551775,53.437079,1,1,0,0,1,30,1,3,6,6
E08000008,Tameside,51,2024,-2.07551775,53.437079,0,0,0,0,0,30,1,3,6,6
E08000008,Tameside,52,2019,-2.0796781666666666,53.504114666666666,1,1,0,0,1,30,1,6,6,0
E08000008,Tameside,52,2020,-2.0796781666666666,53.504114666666666,1,1,0,0,1,30,1,6,6,0
E08000008,Tameside,52,2021,-2.0796781666666666,53.504114666666666,1,1,0,0,1,30,1,6,6,0
E08000008,Tameside,52,2022,-2.0796781666666666,53.504114666666666,2,3,0,0,2,30,1,6,6,0
E08000008,Tameside,52,2023,-2.0796781666666666,53.504114666666666,1,1,0,0,1,30,1,6,6,0
E08000008,Tameside,52,2024,-2.0796781666666666,53.504114666666666,0,0,0,0,0,30,1,6,6,0
E08000008,Tameside,53,2019,-2.0690935,53.490168,1,3,0,0,1,30,1,5,6,3
E08000008,Tameside,53,2020,-2.0690935,53.490168,0,0,0,0,0,30,1,5,6,3
E08000008,Tameside,53,2021,-2.0690935,53.490168,1,1,0,0,1,30,1,5,6,3
E08000008,Tameside,53,2022,-2.0690935,53.490168,0,0,0,0,0,30,1,5,6,3
E08000008,Tameside,53,2023,-2.0690935,53.490168,0,0,0,0,0,30,1,5,6,3
E08000008,Tameside,53,2024,-2.0690935,53.490168,0,0,0,0,0,30,1,5,6,3
E08000008,Tameside,54,2019,-2.109423142857143,53.47894542857143,1,1,0,0,1,20,1,6,6,6
E08000008,Tameside,54,2020,-2.109423142857143,53.47894542857143,2,2,1,1,0,20,1,6,6,6
E08000008,Tameside,54,2021,-2.109423142857143,53.47894542857143,1,1,0,1,0,20,1,6,6,6
E08000008,Tameside,54,2022,-2.109423142857143,53.47894542857143,2,2,0,0,2,20,1,6,6,6
E08000008,Tameside,54,2023,-2.109423142857143,53.47894542857143,1,1,0,0,1,20,1,6,6,6
E08000008,Tameside,54,2024,-2.109423142857143,53.47894542857143,0,0,0,0,0,20,1,6,6,6
E08000008,Tameside,55,2019,-2.035183285714286,53.49041414285714,1,1,0,1,0,30,1,4,6,3
E08000008,Tameside,55,2020,-2.035183285714286,53.49041414285714,0,0,0,0,0,30,1,4,6,3
E08000008,Tameside,55,2021,-2.035183285714286,53.49041414285714,2,3,0,1,1,30,1,4,6,3
E08000008,Tameside,55,2022,-2.035183285714286,53.49041414285714,3,4,0,0,3,30,1,4,6,3
E08000008,Tameside,55,2023,-2.035183285714286,53.49041414285714,1,1,0,1,0,30,1,4,6,3
E08000008,Tameside,55,2024,-2.035183285714286,53.49041414285714,0,0,0,0,0,30,1,4,6,3
E08000008,Tameside,56,2019,-2.075782375,53.45309725,2,2,0,0,2,30,1,3,6,3
E08000008,Tameside,56,2020,-2.075782375,53.45309725,0,0,0,0,0,30,1,3,6,3
E08000008,Tameside,56,2021,-2.075782375,53.45309725,1,1,0,0,1,30,1,3,6,3
E08000008,Tameside,56,2022,-2.075782375,53.45309725,2,3,0,2,0,30,1,3,6,3
E08000008,Tameside,56,2023,-2.075782375,53.45309725,3,3,0,1,2,30,1,3,6,3
E08000008,Tameside,56,2024,-2.075782375,53.45309725,0,0,0,0,0,30,1,3,6,3
E08000008,Tameside,57,2019,-2.1249518461538464,53.47939423076923,2,2,0,0,2,30,1,3,3,0
E08000008,Tameside,57,2020,-2.1249518461538464,53.47939423076923,3,4,1,0,2,30,1,3,3,0
E08000008,Tameside,57,2021,-2.1249518461538464,53.47939423076923,2,2,0,1,1,30,1,3,3,0
E08000008,Tameside,57,2022,-2.1249518461538464,53.47939423076923,1,1,0,0,1,30,1,3,3,0
E08000008,Tameside,57,2023,-2.1249518461538464,53.47939423076923,5,8,1,2,2,30,1,3,3,0
E08000008,Tameside,57,2024,-2.1249518461538464,53.47939423076923,0,0,0,0,0,30,1,3,3,0
E08000008,Tameside,58,2019,-2.1445071875,53.47950675,3,3,0,0,3,30,1,3,6,3
E08000008,Tameside,58,2020,-2.1445071875,53.47950675,6,15,0,1,5,30,1,3,6,3
E08000008,Tameside,58,2021,-2.1445071875,53.47950675,5,5,1,1,3,30,1,3,6,3
E08000008,Tameside,58,2022,-2.1445071875,53.47950675,1,1,0,0,1,30,1,3,6,3
E08000008,Tameside,58,2023,-2.1445071875,53.47950675,1,1,0,0,1,30,1,3,6,3
E08000008,Tameside,58,2024,-2.1445071875,53.47950675,0,0,0,0,0,30,1,3,6,3
E08000008,Tameside,59,2019,-2.0938101,53.4775868,1,1,0,0,1,30,1,6,6,6
E08000008,Tameside,59,2020,-2.0938101,53.4775868,0,0,0,0,0,30,1,6,6,6
E08000008,Tameside,59,2021,-2.0938101,53.4775868,4,7,0,1,3,30,1,6,6,6
E08000008,Tameside,59,2022,-2.0938101,53.4775868,4,5,0,1,3,30,1,6,6,6
E08000008,Tameside,59,2023,-2.0938101,53.4775868,1,1,0,0,1,30,1,6,6,6
E08000008,Tameside,59,2024,-2.0938101,53.4775868,0,0,0,0,0,30,1,6,6,6
E08000008,Tameside,60,2019,-2.028113,53.4475862,3,4,0,1,2,40,1,3,6,6
E08000008,Tameside,60,2020,-2.028113,53.4475862,0,0,0,0,0,40,1,3,6,6
E08000008,Tameside,60,2021,-2.028113,53.4475862,1,1,0,0,1,40,1,3,6,6
E08000008,Tameside,60,2022,-2.028113,53.4475862,1,2,0,0,1,40,1,3,6,6
E08000008,Tameside,60,2023,-2.028113,53.4475862,0,0,0,0,0,40,1,3,6,6
E08000008,Tameside,60,2024,-2.028113,53.4475862,0,0,0,0,0,40,1,3,6,6
E08000008,Tameside,61,2019,-2.089420875,53.463399375,2,2,0,0,2,30,1,3,6,3
E08000008,Tameside,61,2020,-2.089420875,53.463399375,1,1,0,0,1,30,1,3,6,3
E08000008,Tameside,61,2021,-2.089420875,53.463399375,2,2,0,1,1,30,1,3,6,3
E08000008,Tameside,61,2022,-2.089420875,53.463399375,2,2,0,0,2,30,1,3,6,3
E08000008,Tameside,61,2023,-2.089420875,53.463399375,1,1,0,0,1,30,1,3,6,3
E08000008,Tameside,61,2024,-2.089420875,53.463399375,0,0,0,0,0,30,1,3,6,3
E08000008,Tameside,62,2019,-2.082490111111111,53.45385662962963,7,10,1,3,3,30,1,3,6,3
E08000008,Tameside,62,2020,-2.082490111111111,53.45385662962963,3,4,0,2,1,30,1,3,6,3
E08000008,Tameside,62,2021,-2.082490111111111,53.45385662962963,6,8,0,2,4,30,1,3,6,3
E08000008,Tameside,62,2022,-2.082490111111111,53.45385662962963,6,8,0,2,4,30,1,3,6,3
E08000008,Tameside,62,2023,-2.082490111111111,53.45385662962963,5,9,0,1,4,30,1,3,6,3
E08000008,Tameside,62,2024,-2.082490111111111,53.45385662962963,0,0,0,0,0,30,1,3,6,3
E08000008,Tameside,63,2019,-2.07568975,53.44651575,1,1,0,0,1,30,1,3,6,3
E08000008,Tameside,63,2020,-2.07568975,53.44651575,0,0,0,0,0,30,1,3,6,3
E08000008,Tameside,63,2021,-2.07568975,53.44651575,0,0,0,0,0,30,1,3,6,3
E08000008,Tameside,63,2022,-2.07568975,53.44651575,2,2,0,2,0,30,1,3,6,3
E08000008,Tameside,63,2023,-2.07568975,53.44651575,1,1,0,0,1,30,1,3,6,3
E08000008,Tameside,63,2024,-2.07568975,53.44651575,0,0,0,0,0,30,1,3,6,3
E08000008,Tameside,64,2019,-2.1148753913043477,53.45654443478261,4,4,0,3,1,30,1,3,6,6
E08000008,Tameside,64,2020,-2.1148753913043477,53.45654443478261,6,10,0,1,5,30,1,3,6,6
E08000008,Tameside,64,2021,-2.1148753913043477,53.45654443478261,5,6,0,2,3,30,1,3,6,6
E08000008,Tameside,64,2022,-2.1148753913043477,53.45654443478261,4,5,0,1,3,30,1,3,6,6
E08000008,Tameside,64,2023,-2.1148753913043477,53.45654443478261,4,4,0,1,3,30,1,3,6,6
E08000008,Tameside,64,2024,-2.1148753913043477,53.45654443478261,0,0,0,0,0,30,1,3,6,6
E08000008,Tameside,65,2019,-2.019892,53.441213,1,2,0,1,0,30,1,6,6,0
E08000008,Tameside,65,2020,-2.019892,53.441213,0,0,0,0,0,30,1,6,6,0
E08000008,Tameside,65,2021,-2.019892,53.441213,0,0,0,0,0,30,1,6,6,0
E08000008,Tameside,65,2022,-2.019892,53.441213,0,0,0,0,0,30,1,6,6,0
E08000008,Tameside,65,2023,-2.019892,53.441213,0,0,0,0,0,30,1,6,6,0
E08000008,Tameside,65,2024,-2.019892,53.441213,0,0,0,0,0,30,1,6,6,0
E08000008,Tameside,66,2019,-2.1418582,53.4743057,2,2,0,1,1,30,1,4,6,0
E08000008,Tameside,66,2020,-2.1418582,53.4743057,3,5,0,0,3,30,1,4,6,0
E08000008,Tameside,66,2021,-2.1418582,53.4743057,4,5,0,2,2,30,1,4,6,0
E08000008,Tameside,66,2022,-2.1418582,53.4743057,1,1,0,0,1,30,1,4,6,0
E08000008,Tameside,66,2023,-2.1418582,53.4743057,0,0,0,0,0,30,1,4,6,0
E08000008,Tameside,66,2024,-2.1418582,53.4743057,0,0,0,0,0,30,1,4,6,0
E08000008,Tameside,67,2019,-2.1329987647058823,53.45618505882353,4,4,0,0,4,70,1,3,3,0
E08000008,Tameside,67,2020,-2.1329987647058823,53.45618505882353,4,4,0,1,3,70,1,3,3,0
E08000008,Tameside,67,2021,-2.1329987647058823,53.45618505882353,1,1,0,0,1,70,1,3,3,0
E08000008,Tameside,67,2022,-2.1329987647058823,53.45618505882353,7,8,0,1,6,70,1,3,3,0
E08000008,Tameside,67,2023,-2.1329987647058823,53.45618505882353,1,1,0,0,1,70,1,3,3,0
E08000008,Tameside,67,2024,-2.1329987647058823,53.45618505882353,0,0,0,0,0,70,1,3,3,0
E08000008,Tameside,68,2019,-2.1170228181818183,53.463111727272725,2,3,0,0,2,30,1,3,6,3
E08000008,Tameside,68,2020,-2.1170228181818183,53.463111727272725,3,3,0,0,3,30,1,3,6,3
E08000008,Tameside,68,2021,-2.1170228181818183,53.463111727272725,3,3,1,0,2,30,1,3,6,3
E08000008,Tameside,68,2022,-2.1170228181818183,53.463111727272725,2,3,0,0,2,30,1,3,6,3
E08000008,Tameside,68,2023,-2.1170228181818183,53.463111727272725,1,1,0,1,0,30,1,3,6,3
E08000008,Tameside,68,2024,-2.1170228181818183,53.463111727272725,0,0,0,0,0,30,1,3,6,3
E08000008,Tameside,69,2019,-2.0657756666666667,53.45096066666667,1,1,0,0,1,30,1,3,6,9
E08000008,Tameside,69,2020,-2.0657756666666667,53.45096066666667,0,0,0,0,0,30,1,3,6,9
E08000008,Tameside,69,2021,-2.0657756666666667,53.45096066666667,2,2,0,0,2,30,1,3,6,9
E08000008,Tameside,69,2022,-2.0657756666666667,53.45096066666667,2,2,0,1,1,30,1,3,6,9
E08000008,Tameside,69,2023,-2.0657756666666667,53.45096066666667,1,1,0,0,1,30,1,3,6,9
E08000008,Tameside,69,2024,-2.0657756666666667,53.45096066666667,0,0,0,0,0,30,1,3,6,9
E08000008,Tameside,70,2019,-2.1068056,53.446844,2,2,0,0,2,30,1,5,6,3
E08000008,Tameside,70,2020,-2.1068056,53.446844,1,1,0,0,1,30,1,5,6,3
E08000008,Tameside,70,2021,-2.1068056,53.446844,1,1,0,1,0,30,1,5,6,3
E08000008,Tameside,70,2022,-2.1068056,53.446844,0,0,0,0,0,30,1,5,6,3
E08000008,Tameside,70,2023,-2.1068056,53.446844,1,1,0,0,1,30,1,5,6,3
E08000008,Tameside,70,2024,-2.1068056,53.446844,0,0,0,0,0,30,1,5,6,3
E08000008,Tameside,71,2019,-2.113132,53.466832555555555,1,2,0,0,1,30,1,3,6,3
E08000008,Tameside,71,2020,-2.113132,53.466832555555555,1,1,0,0,1,30,1,3,6,3
E08000008,Tameside,71,2021,-2.113132,53.466832555555555,2,3,0,1,1,30,1,3,6,3
E08000008,Tameside,71,2022,-2.113132,53.466832555555555,3,4,1,0,2,30,1,3,6,3
E08000008,Tameside,71,2023,-2.113132,53.466832555555555,2,2,0,1,1,30,1,3,6,3
E08000008,Tameside,71,2024,-2.113132,53.466832555555555,0,0,0,0,0,30,1,3,6,3
E08000008,Tameside,72,2019,-2.0715604,53.4510004,1,1,0,0,1,30,1,3,6,3
E08000008,Tameside,72,2020,-2.0715604,53.4510004,2,2,0,0,2,30,1,3,6,3
E08000008,Tameside,72,2021,-2.0715604,53.4510004,0,0,0,0,0,30,1,3,6,3
E08000008,Tameside,72,2022,-2.0715604,53.4510004,1,1,0,1,0,30,1,3,6,3
E08000008,Tameside,72,2023,-2.0715604,53.4510004,1,1,0,0,1,30,1,3,6,3
E08000008,Tameside,72,2024,-2.0715604,53.4510004,0,0,0,0,0,30,1,3,6,3
E08000008,Tameside,73,2019,-2.1487055454545456,53.48510609090909,3,7,0,1,2,30,1,6,6,3
E08000008,Tameside,73,2020,-2.1487055454545456,53.48510609090909,2,2,0,0,2,30,1,6,6,3
E08000008,Tameside,73,2021,-2.1487055454545456,53.48510609090909,1,3,0,0,1,30,1,6,6,3
E08000008,Tameside,73,2022,-2.1487055454545456,53.48510609090909,2,2,0,1,1,30,1,6,6,3
E08000008,Tameside,73,2023,-2.1487055454545456,53.48510609090909,3,5,0,1,2,30,1,6,6,3
E08000008,Tameside,73,2024,-2.1487055454545456,53.48510609090909,0,0,0,0,0,30,1,6,6,3
E08000008,Tameside,74,2019,-2.113841818181818,53.45295027272727,4,4,0,2,2,30,1,6,6,6
E08000008,Tameside,74,2020,-2.113841818181818,53.45295027272727,1,1,0,0,1,30,1,6,6,6
E08000008,Tameside,74,2021,-2.113841818181818,53.45295027272727,3,5,0,0,3,30,1,6,6,6
E08000008,Tameside,74,2022,-2.113841818181818,53.45295027272727,3,3,0,2,1,30,1,6,6,6
E08000008,Tameside,74,2023,-2.113841818181818,53.45295027272727,0,0,0,0,0,30,1,6,6,6
E08000008,Tameside,74,2024,-2.113841818181818,53.45295027272727,0,0,0,0,0,30,1,6,6,6
E08000008,Tameside,75,2019,-2.079283866666666,53.4493594,2,2,0,1,1,30,1,3,6,3
E08000008,Tameside,75,2020,-2.079283866666666,53.4493594,2,2,0,0,2,30,1,3,6,3
E08000008,Tameside,75,2021,-2.079283866666666,53.4493594,5,5,0,1,4,30,1,3,6,3
E08000008,Tameside,75,2022,-2.079283866666666,53.4493594,3,3,0,0,3,30,1,3,6,3
E08000008,Tameside,75,2023,-2.079283866666666,53.4493594,3,3,0,1,2,30,1,3,6,3
E08000008,Tameside,75,2024,-2.079283866666666,53.4493594,0,0,0,0,0,30,1,3,6,3
E08000008,Tameside,76,2019,-2.0212215,53.4650245,1,1,0,1,0,40,1,3,6,0
E08000008,Tameside,76,2020,-2.0212215,53.4650245,0,0,0,0,0,40,1,3,6,0
E08000008,Tameside,76,2021,-2.0212215,53.4650245,0,0,0,0,0,40,1,3,6,0
E08000008,Tameside,76,2022,-2.0212215,53.4650245,0,0,0,0,0,40,1,3,6,0
E08000008,Tameside,76,2023,-2.0212215,53.4650245,1,1,0,0,1,40,1,3,6,0
E08000008,Tameside,76,2024,-2.0212215,53.4650245,0,0,0,0,0,40,1,3,6,0
E08000008,Tameside,77,2019,-2.141745333333333,53.48289366666667,2,2,0,0,2,20,1,6,6,2
E08000008,Tameside,77,2020,-2.141745333333333,53.48289366666667,1,1,0,0,1,20,1,6,6,2
E08000008,Tameside,77,2021,-2.141745333333333,53.48289366666667,2,2,0,0,2,20,1,6,6,2
E08000008,Tameside,77,2022,-2.141745333333333,53.48289366666667,1,2,0,0,1,20,1,6,6,2
E08000008,Tameside,77,2023,-2.141745333333333,53.48289366666667,0,0,0,0,0,20,1,6,6,2
E08000008,Tameside,77,2024,-2.141745333333333,53.48289366666667,0,0,0,0,0,20,1,6,6,2
E08000008,Tameside,78,2019,-2.137325,53.486007,2,4,0,1,1,30,1,6,6,0
E08000008,Tameside,78,2020,-2.137325,53.486007,2,2,0,0,2,30,1,6,6,0
E08000008,Tameside,78,2021,-2.137325,53.486007,0,0,0,0,0,30,1,6,6,0
E08000008,Tameside,78,2022,-2.137325,53.486007,1,1,0,0,1,30,1,6,6,0
E08000008,Tameside,78,2023,-2.137325,53.486007,2,2,0,0,2,30,1,6,6,0
E08000008,Tameside,78,2024,-2.137325,53.486007,0,0,0,0,0,30,1,6,6,0
E08000008,Tameside,79,2019,-2.076116,53.4621199,3,5,0,0,3,30,1,5,6,6
E08000008,Tameside,79,2020,-2.076116,53.4621199,3,3,0,0,3,30,1,5,6,6
E08000008,Tameside,79,2021,-2.076116,53.4621199,0,0,0,0,0,30,1,5,6,6
E08000008,Tameside,79,2022,-2.076116,53.4621199,1,1,0,0,1,30,1,5,6,6
E08000008,Tameside,79,2023,-2.076116,53.4621199,3,6,0,0,3,30,1,5,6,6
E08000008,Tameside,79,2024,-2.076116,53.4621199,0,0,0,0,0,30,1,5,6,6
E08000008,Tameside,80,2019,-2.1088118,53.4574755,4,4,0,0,4,30,1,3,6,3
E08000008,Tameside,80,2020,-2.1088118,53.4574755,0,0,0,0,0,30,1,3,6,3
E08000008,Tameside,80,2021,-2.1088118,53.4574755,2,2,0,0,2,30,1,3,6,3
E08000008,Tameside,80,2022,-2.1088118,53.4574755,1,2,0,1,0,30,1,3,6,3
E08000008,Tameside,80,2023,-2.1088118,53.4574755,3,3,0,1,2,30,1,3,6,3
E08000008,Tameside,80,2024,-2.1088118,53.4574755,0,0,0,0,0,30,1,3,6,3
E08000008,Tameside,81,2019,-2.1547029999999996,53.4886015,1,2,0,1,0,30,1,5,6,3
E08000008,Tameside,81,2020,-2.1547029999999996,53.4886015,0,0,0,0,0,30,1,5,6,3
E08000008,Tameside,81,2021,-2.1547029999999996,53.4886015,0,0,0,0,0,30,1,5,6,3
E08000008,Tameside,81,2022,-2.1547029999999996,53.4886015,1,1,1,0,0,30,1,5,6,3
E08000008,Tameside,81,2023,-2.1547029999999996,53.4886015,0,0,0,0,0,30,1,5,6,3
E08000008,Tameside,81,2024,-2.1547029999999996,53.4886015,0,0,0,0,0,30,1,5,6,3
E08000008,Tameside,82,2019,-2.0101412222222224,53.458574222222225,1,2,0,0,1,30,1,3,6,0
E08000008,Tameside,82,2020,-2.0101412222222224,53.458574222222225,4,5,0,1,3,30,1,3,6,0
E08000008,Tameside,82,2021,-2.0101412222222224,53.458574222222225,0,0,0,0,0,30,1,3,6,0
E08000008,Tameside,82,2022,-2.0101412222222224,53.458574222222225,2,2,0,1,1,30,1,3,6,0
E08000008,Tameside,82,2023,-2.0101412222222224,53.458574222222225,2,5,0,0,2,30,1,3,6,0
E08000008,Tameside,82,2024,-2.0101412222222224,53.458574222222225,0,0,0,0,0,30,1,3,6,0
E08000008,Tameside,83,2019,-2.036177,53.45374,1,3,0,0,1,20,1,6,6,3
E08000008,Tameside,83,2020,-2.036177,53.45374,0,0,0,0,0,20,1,6,6,3
E08000008,Tameside,83,2021,-2.036177,53.45374,0,0,0,0,0,20,1,6,6,3
E08000008,Tameside,83,2022,-2.036177,53.45374,0,0,0,0,0,20,1,6,6,3
E08000008,Tameside,83,2023,-2.036177,53.45374,1,2,0,0,1,20,1,6,6,3
E08000008,Tameside,83,2024,-2.036177,53.45374,0,0,0,0,0,20,1,6,6,3
E08000008,Tameside,84,2019,-2.1589674444444444,53.48107133333333,3,3,0,0,3,30,1,6,6,0
E08000008,Tameside,84,2020,-2.1589674444444444,53.48107133333333,1,1,0,1,0,30,1,6,6,0
E08000008,Tameside,84,2021,-2.1589674444444444,53.48107133333333,1,1,0,0,1,30,1,6,6,0
E08000008,Tameside,84,2022,-2.1589674444444444,53.48107133333333,3,3,0,0,3,30,1,6,6,0
E08000008,Tameside,84,2023,-2.1589674444444444,53.48107133333333,1,1,0,0,1,30,1,6,6,0
E08000008,Tameside,84,2024,-2.1589674444444444,53.48107133333333,0,0,0,0,0,30,1,6,6,0
E08000008,Tameside,85,2019,-2.0263122,53.451363,1,1,0,0,1,30,1,6,6,3
E08000008,Tameside,85,2020,-2.0263122,53.451363,0,0,0,0,0,30,1,6,6,3
E08000008,Tameside,85,2021,-2.0263122,53.451363,1,1,0,1,0,30,1,6,6,3
E08000008,Tameside,85,2022,-2.0263122,53.451363,1,1,0,0,1,30,1,6,6,3
E08000008,Tameside,85,2023,-2.0263122,53.451363,2,2,0,1,1,30,1,6,6,3
E08000008,Tameside,85,2024,-2.0263122,53.451363,0,0,0,0,0,30,1,6,6,3
E08000008,Tameside,86,2019,-2.16801725,53.48597425,2,2,0,1,1,30,1,6,6,6
E08000008,Tameside,86,2020,-2.16801725,53.48597425,1,1,0,0,1,30,1,6,6,6
E08000008,Tameside,86,2021,-2.16801725,53.48597425,2,3,1,0,1,30,1,6,6,6
E08000008,Tameside,86,2022,-2.16801725,53.48597425,1,1,0,0,1,30,1,6,6,6
E08000008,Tameside,86,2023,-2.16801725,53.48597425,2,2,0,1,1,30,1,6,6,6
E08000008,Tameside,86,2024,-2.16801725,53.48597425,0,0,0,0,0,30,1,6,6,6
E08000008,Tameside,87,2019,-2.123696333333333,53.46189866666667,1,1,0,0,1,30,1,6,6,3
E08000008,Tameside,87,2020,-2.123696333333333,53.46189866666667,1,1,0,0,1,30,1,6,6,3
E08000008,Tameside,87,2021,-2.123696333333333,53.46189866666667,1,1,0,0,1,30,1,6,6,3
E08000008,Tameside,87,2022,-2.123696333333333,53.46189866666667,0,0,0,0,0,30,1,6,6,3
E08000008,Tameside,87,2023,-2.123696333333333,53.46189866666667,0,0,0,0,0,30,1,6,6,3
E08000008,Tameside,87,2024,-2.123696333333333,53.46189866666667,0,0,0,0,0,30,1,6,6,3
E08000008,Tameside,88,2019,-2.0169823333333334,53.45545944444444,3,4,0,1,2,30,1,3,6,0
E08000008,Tameside,88,2020,-2.0169823333333334,53.45545944444444,1,1,0,0,1,30,1,3,6,0
E08000008,Tameside,88,2021,-2.0169823333333334,53.45545944444444,1,1,0,0,1,30,1,3,6,0
E08000008,Tameside,88,2022,-2.0169823333333334,53.45545944444444,3,3,0,0,3,30,1,3,6,0
E08000008,Tameside,88,2023,-2.0169823333333334,53.45545944444444,1,1,0,0,1,30,1,3,6,0
E08000008,Tameside,88,2024,-2.0169823333333334,53.45545944444444,0,0,0,0,0,30,1,3,6,0
E08000008,Tameside,89,2019,-2.1093908,53.450689,1,1,0,0,1,30,1,3,6,3
E08000008,Tameside,89,2020,-2.1093908,53.450689,0,0,0,0,0,30,1,3,6,3
E08000008,Tameside,89,2021,-2.1093908,53.450689,0,0,0,0,0,30,1,3,6,3
E08000008,Tameside,89,2022,-2.1093908,53.450689,3,5,0,0,3,30,1,3,6,3
E08000008,Tameside,89,2023,-2.1093908,53.450689,1,1,0,1,0,30,1,3,6,3
E08000008,Tameside,89,2024,-2.1093908,53.450689,0,0,0,0,0,30,1,3,6,3
E08000008,Tameside,90,2019,-2.13458,53.49026,1,1,0,1,0,30,1,5,6,3
E08000008,Tameside,90,2020,-2.13458,53.49026,0,0,0,0,0,30,1,5,6,3
E08000008,Tameside,90,2021,-2.13458,53.49026,0,0,0,0,0,30,1,5,6,3
E08000008,Tameside,90,2022,-2.13458,53.49026,0,0,0,0,0,30,1,5,6,3
E08000008,Tameside,90,2023,-2.13458,53.49026,0,0,0,0,0,30,1,5,6,3
E08000008,Tameside,90,2024,-2.13458,53.49026,0,0,0,0,0,30,1,5,6,3
E08000008,Tameside,91,2019,-2.1454005,53.448384,1,1,0,0,1,30,1,5,6,3
E08000008,Tameside,91,2020,-2.1454005,53.448384,1,1,0,0,1,30,1,5,6,3
E08000008,Tameside,91,2021,-2.1454005,53.448384,0,0,0,0,0,30,1,5,6,3
E08000008,Tameside,91,2022,-2.1454005,53.448384,0,0,0,0,0,30,1,5,6,3
E08000008,Tameside,91,2023,-2.1454005,53.448384,0,0,0,0,0,30,1,5,6,3
E08000008,Tameside,91,2024,-2.1454005,53.448384,0,0,0,0,0,30,1,5,6,3
E08000008,Tameside,92,2019,-2.001323,53.45985125,1,2,0,0,1,30,1,3,6,0
E08000008,Tameside,92,2020,-2.001323,53.45985125,1,1,0,0,1,30,1,3,6,0
E08000008,Tameside,92,2021,-2.001323,53.45985125,0,0,0,0,0,30,1,3,6,0
E08000008,Tameside,92,2022,-2.001323,53.45985125,1,1,1,0,0,30,1,3,6,0
E08000008,Tameside,92,2023,-2.001323,53.45985125,1,1,0,1,0,30,1,3,6,0
E08000008,Tameside,92,2024,-2.001323,53.45985125,0,0,0,0,0,30,1,3,6,0
E08000008,Tameside,93,2019,-2.1006515,53.4560675,1,1,0,0,1,30,1,3,6,0
E08000008,Tameside,93,2020,-2.1006515,53.4560675,0,0,0,0,0,30,1,3,6,0
E08000008,Tameside,93,2021,-2.1006515,53.4560675,2,2,1,0,1,30,1,3,6,0
E08000008,Tameside,93,2022,-2.1006515,53.4560675,0,0,0,0,0,30,1,3,6,0
E08000008,Tameside,93,2023,-2.1006515,53.4560675,3,3,0,2,1,30,1,3,6,0
E08000008,Tameside,93,2024,-2.1006515,53.4560675,0,0,0,0,0,30,1,3,6,0
E08000008,Tameside,94,2019,-1.990335,53.465031,1,3,0,0,1,30,1,6,6,0
E08000008,Tameside,94,2020,-1.990335,53.465031,0,0,0,0,0,30,1,6,6,0
E08000008,Tameside,94,2021,-1.990335,53.465031,0,0,0,0,0,30,1,6,6,0
E08000008,Tameside,94,2022,-1.990335,53.465031,1,1,0,1,0,30,1,6,6,0
E08000008,Tameside,94,2023,-1.990335,53.465031,0,0,0,0,0,30,1,6,6,0
E08000008,Tameside,94,2024,-1.990335,53.465031,0,0,0,0,0,30,1,6,6,0
E08000008,Tameside,95,2019,-2.11561275,53.45957725,1,2,0,0,1,30,1,3,6,3
E08000008,Tameside,95,2020,-2.11561275,53.45957725,0,0,0,0,0,30,1,3,6,3
E08000008,Tameside,95,2021,-2.11561275,53.45957725,3,3,0,0,3,30,1,3,6,3
E08000008,Tameside,95,2022,-2.11561275,53.45957725,3,4,0,1,2,30,1,3,6,3
E08000008,Tameside,95,2023,-2.11561275,53.45957725,1,2,0,0,1,30,1,3,6,3
E08000008,Tameside,95,2024,-2.11561275,53.45957725,0,0,0,0,0,30,1,3,6,3
E08000008,Tameside,96,2019,-2.08982875,53.45341825,1,1,0,1,0,30,1,3,6,0
E08000008,Tameside,96,2020,-2.08982875,53.45341825,3,5,0,1,2,30,1,3,6,0
E08000008,Tameside,96,2021,-2.08982875,53.45341825,1,3,0,0,1,30,1,3,6,0
E08000008,Tameside,96,2022,-2.08982875,53.45341825,3,5,0,1,2,30,1,3,6,0
E08000008,Tameside,96,2023,-2.08982875,53.45341825,0,0,0,0,0,30,1,3,6,0
E08000008,Tameside,96,2024,-2.08982875,53.45341825,0,0,0,0,0,30,1,3,6,0
E08000008,Tameside,97,2019,-2.1339366666666666,53.472453,1,1,0,0,1,30,1,1,6,3
E08000008,Tameside,97,2020,-2.1339366666666666,53.472453,0,0,0,0,0,30,1,1,6,3
E08000008,Tameside,97,2021,-2.1339366666666666,53.472453,1,1,0,0,1,30,1,1,6,3
E08000008,Tameside,97,2022,-2.1339366666666666,53.472453,0,0,0,0,0,30,1,1,6,3
E08000008,Tameside,97,2023,-2.1339366666666666,53.472453,1,2,0,0,1,30,1,1,6,3
E08000008,Tameside,97,2024,-2.1339366666666666,53.472453,0,0,0,0,0,30,1,1,6,3
E08000008,Tameside,98,2019,-2.1365994285714285,53.45328071428572,3,3,0,0,3,70,1,1,3,0
E08000008,Tameside,98,2020,-2.1365994285714285,53.45328071428572,0,0,0,0,0,70,1,1,3,0
E08000008,Tameside,98,2021,-2.1365994285714285,53.45328071428572,2,3,0,0,2,70,1,1,3,0
E08000008,Tameside,98,2022,-2.1365994285714285,53.45328071428572,0,0,0,0,0,70,1,1,3,0
E08000008,Tameside,98,2023,-2.1365994285714285,53.45328071428572,2,5,0,1,1,70,1,1,3,0
E08000008,Tameside,98,2024,-2.1365994285714285,53.45328071428572,0,0,0,0,0,70,1,1,3,0
E08000008,Tameside,99,2019,-2.13816925,53.46880175,1,1,0,1,0,70,1,1,3,0
E08000008,Tameside,99,2020,-2.13816925,53.46880175,0,0,0,0,0,70,1,1,3,0
E08000008,Tameside,99,2021,-2.13816925,53.46880175,2,4,0,1,1,70,1,1,3,0
E08000008,Tameside,99,2022,-2.13816925,53.46880175,0,0,0,0,0,70,1,1,3,0
E08000008,Tameside,99,2023,-2.13816925,53.46880175,1,1,0,0,1,70,1,1,3,0
E08000008,Tameside,99,2024,-2.13816925,53.46880175,0,0,0,0,0,70,1,1,3,0
E08000008,Tameside,100,2019,-2.13926375,53.464886,1,1,0,0,1,70,1,1,3,0
E08000008,Tameside,100,2020,-2.13926375,53.464886,0,0,0,0,0,70,1,1,3,0
E08000008,Tameside,100,2021,-2.13926375,53.464886,2,3,0,0,2,70,1,1,3,0
E08000008,Tameside,100,2022,-2.13926375,53.464886,0,0,0,0,0,70,1,1,3,0
E08000008,Tameside,100,2023,-2.13926375,53.464886,1,1,0,0,1,70,1,1,3,0
E08000008,Tameside,100,2024,-2.13926375,53.464886,0,0,0,0,0,70,1,1,3,0
E08000008,Tameside,101,2019,-2.123834,53.47667257142857,1,4,0,1,0,70,1,1,3,0
E08000008,Tameside,101,2020,-2.123834,53.47667257142857,1,4,1,0,0,70,1,1,3,0
E08000008,Tameside,101,2021,-2.123834,53.47667257142857,2,2,0,0,2,70,1,1,3,0
E08000008,Tameside,101,2022,-2.123834,53.47667257142857,3,7,0,0,3,70,1,1,3,0
E08000008,Tameside,101,2023,-2.123834,53.47667257142857,0,0,0,0,0,70,1,1,3,0
E08000008,Tameside,101,2024,-2.123834,53.47667257142857,0,0,0,0,0,70,1,1,3,0
E08000008,Tameside,102,2019,-2.131847,53.44155814285714,4,8,0,0,4,70,2,1,3,0
E08000008,Tameside,102,2020,-2.131847,53.44155814285714,1,1,1,0,0,70,2,1,3,0
E08000008,Tameside,102,2021,-2.131847,53.44155814285714,1,1,0,0,1,70,2,1,3,0
E08000008,Tameside,102,2022,-2.131847,53.44155814285714,1,1,0,1,0,70,2,1,3,0
E08000008,Tameside,102,2023,-2.131847,53.44155814285714,0,0,0,0,0,70,2,1,3,0
E08000008,Tameside,102,2024,-2.131847,53.44155814285714,0,0,0,0,0,70,2,1,3,0
E08000008,Tameside,103,2019,-2.024998375,53.454683125,1,1,0,0,1,40,2,3,3,0
E08000008,Tameside,103,2020,-2.024998375,53.454683125,1,1,0,0,1,40,2,3,3,0
E08000008,Tameside,103,2021,-2.024998375,53.454683125,1,2,0,0,1,40,2,3,3,0
E08000008,Tameside,103,2022,-2.024998375,53.454683125,3,3,1,1,1,40,2,3,3,0
E08000008,Tameside,103,2023,-2.024998375,53.454683125,2,2,0,0,2,40,2,3,3,0
E08000008,Tameside,103,2024,-2.024998375,53.454683125,0,0,0,0,0,40,2,3,3,0
E08000008,Tameside,104,2019,-2.128239333333333,53.473122,1,4,0,0,1,70,1,1,3,0
E08000008,Tameside,104,2020,-2.128239333333333,53.473122,2,3,0,0,2,70,1,1,3,0
E08000008,Tameside,104,2021,-2.128239333333333,53.473122,0,0,0,0,0,70,1,1,3,0
E08000008,Tameside,104,2022,-2.128239333333333,53.473122,0,0,0,0,0,70,1,1,3,0
E08000008,Tameside,104,2023,-2.128239333333333,53.473122,3,3,0,1,2,70,1,1,3,0
E08000008,Tameside,104,2024,-2.128239333333333,53.473122,0,0,0,0,0,70,1,1,3,0
E08000008,Tameside,105,2019,-2.0466625,53.493037,0,0,0,0,0,40,1,3,6,0
E08000008,Tameside,105,2020,-2.0466625,53.493037,2,4,1,0,1,40,1,3,6,0
E08000008,Tameside,105,2021,-2.0466625,53.493037,0,0,0,0,0,40,1,3,6,0
E08000008,Tameside,105,2022,-2.0466625,53.493037,0,0,0,0,0,40,1,3,6,0
E08000008,Tameside,105,2023,-2.0466625,53.493037,0,0,0,0,0,40,1,3,6,0
E08000008,Tameside,105,2024,-2.0466625,53.493037,0,0,0,0,0,40,1,3,6,0
E08000008,Tameside,106,2019,-2.103419,53.49755211111111,0,0,0,0,0,30,1,3,6,6
E08000008,Tameside,106,2020,-2.103419,53.49755211111111,3,6,0,1,2,30,1,3,6,6
E08000008,Tameside,106,2021,-2.103419,53.49755211111111,0,0,0,0,0,30,1,3,6,6
E08000008,Tameside,106,2022,-2.103419,53.49755211111111,3,3,0,1,2,30,1,3,6,6
E08000008,Tameside,106,2023,-2.103419,53.49755211111111,3,3,0,1,2,30,1,3,6,6
E08000008,Tameside,106,2024,-2.103419,53.49755211111111,0,0,0,0,0,30,1,3,6,6
E08000008,Tameside,107,2019,-2.0668182,53.497709,0,0,0,0,0,30,1,3,6,0
E08000008,Tameside,107,2020,-2.0668182,53.497709,3,3,0,0,3,30,1,3,6,0
E08000008,Tameside,107,2021,-2.0668182,53.497709,0,0,0,0,0,30,1,3,6,0
E08000008,Tameside,107,2022,-2.0668182,53.497709,1,1,0,0,1,30,1,3,6,0
E08000008,Tameside,107,2023,-2.0668182,53.497709,1,1,0,0,1,30,1,3,6,0
E08000008,Tameside,107,2024,-2.0668182,53.497709,0,0,0,0,0,30,1,3,6,0
E08000008,Tameside,108,2019,-2.1639173333333335,53.47648133333333,0,0,0,0,0,30,1,6,6,8
E08000008,Tameside,108,2020,-2.1639173333333335,53.47648133333333,1,1,0,0,1,30,1,6,6,8
E08000008,Tameside,108,2021,-2.1639173333333335,53.47648133333333,1,1,0,1,0,30,1,6,6,8
E08000008,Tameside,108,2022,-2.1639173333333335,53.47648133333333,0,0,0,0,0,30,1,6,6,8
E08000008,Tameside,108,2023,-2.1639173333333335,53.47648133333333,1,1,0,0,1,30,1,6,6,8
E08000008,Tameside,108,2024,-2.1639173333333335,53.47648133333333,0,0,0,0,0,30,1,6,6,8
E08000008,Tameside,109,2019,-2.042731,53.503093,0,0,0,0,0,40,2,3,6,3
E08000008,Tameside,109,2020,-2.042731,53.503093,1,1,0,0,1,40,2,3,6,3
E08000008,Tameside,109,2021,-2.042731,53.503093,0,0,0,0,0,40,2,3,6,3
E08000008,Tameside,109,2022,-2.042731,53.503093,0,0,0,0,0,40,2,3,6,3
E08000008,Tameside,109,2023,-2.042731,53.503093,0,0,0,0,0,40,2,3,6,3
E08000008,Tameside,109,2024,-2.042731,53.503093,0,0,0,0,0,40,2,3,6,3
E08000008,Tameside,110,2019,-2.071681888888889,53.47517577777778,0,0,0,0,0,30,1,4,6,3
E08000008,Tameside,110,2020,-2.071681888888889,53.47517577777778,1,1,0,0,1,30,1,4,6,3
E08000008,Tameside,110,2021,-2.071681888888889,53.47517577777778,1,2,0,0,1,30,1,4,6,3
E08000008,Tameside,110,2022,-2.071681888888889,53.47517577777778,5,5,0,2,3,30,1,4,6,3
E08000008,Tameside,110,2023,-2.071681888888889,53.47517577777778,2,2,0,2,0,30,1,4,6,3
E08000008,Tameside,110,2024,-2.071681888888889,53.47517577777778,0,0,0,0,0,30,1,4,6,3
E08000008,Tameside,111,2019,-2.087532,53.507409,0,0,0,0,0,20,1,6,6,0
E08000008,Tameside,111,2020,-2.087532,53.507409,1,1,0,1,0,20,1,6,6,0
E08000008,Tameside,111,2021,-2.087532,53.507409,0,0,0,0,0,20,1,6,6,0
E08000008,Tameside,111,2022,-2.087532,53.507409,0,0,0,0,0,20,1,6,6,0
E08000008,Tameside,111,2023,-2.087532,53.507409,0,0,0,0,0,20,1,6,6,0
E08000008,Tameside,111,2024,-2.087532,53.507409,0,0,0,0,0,20,1,6,6,0
E08000008,Tameside,112,2019,-2.040173,53.508325,0,0,0,0,0,40,2,3,6,0
E08000008,Tameside,112,2020,-2.040173,53.508325,1,1,0,1,0,40,2,3,6,0
E08000008,Tameside,112,2021,-2.040173,53.508325,0,0,0,0,0,40,2,3,6,0
E08000008,Tameside,112,2022,-2.040173,53.508325,0,0,0,0,0,40,2,3,6,0
E08000008,Tameside,112,2023,-2.040173,53.508325,0,0,0,0,0,40,2,3,6,0
E08000008,Tameside,112,2024,-2.040173,53.508325,0,0,0,0,0,40,2,3,6,0
E08000008,Tameside,113,2019,-2.029735,53.49440833333333,0,0,0,0,0,30,1,4,6,0
E08000008,Tameside,113,2020,-2.029735,53.49440833333333,1,1,0,0,1,30,1,4,6,0
E08000008,Tameside,113,2021,-2.029735,53.49440833333333,1,1,0,1,0,30,1,4,6,0
E08000008,Tameside,113,2022,-2.029735,53.49440833333333,0,0,0,0,0,30,1,4,6,0
E08000008,Tameside,113,2023,-2.029735,53.49440833333333,1,1,0,0,1,30,1,4,6,0
E08000008,Tameside,113,2024,-2.029735,53.49440833333333,0,0,0,0,0,30,1,4,6,0
E08000008,Tameside,114,2019,-2.120486,53.467860333333334,0,0,0,0,0,30,1,6,6,3
E08000008,Tameside,114,2020,-2.120486,53.467860333333334,1,1,0,0,1,30,1,6,6,3
E08000008,Tameside,114,2021,-2.120486,53.467860333333334,0,0,0,0,0,30,1,6,6,3
E08000008,Tameside,114,2022,-2.120486,53.467860333333334,1,1,0,1,0,30,1,6,6,3
E08000008,Tameside,114,2023,-2.120486,53.467860333333334,1,1,0,1,0,30,1,6,6,3
E08000008,Tameside,114,2024,-2.120486,53.467860333333334,0,0,0,0,0,30,1,6,6,3
E08000008,Tameside,115,2019,-2.085223,53.51435,0,0,0,0,0,60,2,5,6,0
E08000008,Tameside,115,2020,-2.085223,53.51435,1,1,0,0,1,60,2,5,6,0
E08000008,Tameside,115,2021,-2.085223,53.51435,0,0,0,0,0,60,2,5,6,0
E08000008,Tameside,115,2022,-2.085223,53.51435,0,0,0,0,0,60,2,5,6,0
E08000008,Tameside,115,2023,-2.085223,53.51435,0,0,0,0,0,60,2,5,6,0
E08000008,Tameside,115,2024,-2.085223,53.51435,0,0,0,0,0,60,2,5,6,0
E08000008,Tameside,116,2019,-2.035971,53.46879,0,0,0,0,0,30,1,6,6,3
E08000008,Tameside,116,2020,-2.035971,53.46879,1,1,0,0,1,30,1,6,6,3
E08000008,Tameside,116,2021,-2.035971,53.46879,1,1,0,0,1,30,1,6,6,3
E08000008,Tameside,116,2022,-2.035971,53.46879,0,0,0,0,0,30,1,6,6,3
E08000008,Tameside,116,2023,-2.035971,53.46879,0,0,0,0,0,30,1,6,6,3
E08000008,Tameside,116,2024,-2.035971,53.46879,0,0,0,0,0,30,1,6,6,3
E08000008,Tameside,117,2019,-2.1058225,53.4683645,0,0,0,0,0,30,1,4,6,3
E08000008,Tameside,117,2020,-2.1058225,53.4683645,1,1,0,1,0,30,1,4,6,3
E08000008,Tameside,117,2021,-2.1058225,53.4683645,0,0,0,0,0,30,1,4,6,3
E08000008,Tameside,117,2022,-2.1058225,53.4683645,2,2,0,0,2,30,1,4,6,3
E08000008,Tameside,117,2023,-2.1058225,53.4683645,1,1,0,1,0,30,1,4,6,3
E08000008,Tameside,117,2024,-2.1058225,53.4683645,0,0,0,0,0,30,1,4,6,3
E08000008,Tameside,118,2019,-2.0274023333333333,53.51659866666667,0,0,0,0,0,30,1,6,6,0
E08000008,Tameside,118,2020,-2.0274023333333333,53.51659866666667,1,1,0,0,1,30,1,6,6,0
E08000008,Tameside,118,2021,-2.0274023333333333,53.51659866666667,1,4,0,1,0,30,1,6,6,0
E08000008,Tameside,118,2022,-2.0274023333333333,53.51659866666667,0,0,0,0,0,30,1,6,6,0
E08000008,Tameside,118,2023,-2.0274023333333333,53.51659866666667,1,1,0,1,0,30,1,6,6,0
E08000008,Tameside,118,2024,-2.0274023333333333,53.51659866666667,0,0,0,0,0,30,1,6,6,0
E08000008,Tameside,119,2019,-2.132011666666666,53.478306,0,0,0,0,0,30,1,3,6,3
E08000008,Tameside,119,2020,-2.132011666666666,53.478306,4,8,0,2,2,30,1,3,6,3
E08000008,Tameside,119,2021,-2.132011666666666,53.478306,1,1,0,0,1,30,1,3,6,3
E08000008,Tameside,119,2022,-2.132011666666666,53.478306,4,6,1,0,3,30,1,3,6,3
E08000008,Tameside,119,2023,-2.132011666666666,53.478306,0,0,0,0,0,30,1,3,6,3
E08000008,Tameside,119,2024,-2.132011666666666,53.478306,0,0,0,0,0,30,1,3,6,3
E08000008,Tameside,120,2019,-2.109414,53.4409968,0,0,0,0,0,30,1,6,6,0
E08000008,Tameside,120,2020,-2.109414,53.4409968,1,1,0,0,1,30,1,6,6,0
E08000008,Tameside,120,2021,-2.109414,53.4409968,1,1,0,0,1,30,1,6,6,0
E08000008,Tameside,120,2022,-2.109414,53.4409968,0,0,0,0,0,30,1,6,6,0
E08000008,Tameside,120,2023,-2.109414,53.4409968,3,4,0,1,2,30,1,6,6,0
E08000008,Tameside,120,2024,-2.109414,53.4409968,0,0,0,0,0,30,1,6,6,0
E08000008,Tameside,121,2019,-2.163535,53.490925,0,0,0,0,0,30,1,6,6,0
E08000008,Tameside,121,2020,-2.163535,53.490925,1,1,0,0,1,30,1,6,6,0
E08000008,Tameside,121,2021,-2.163535,53.490925,0,0,0,0,0,30,1,6,6,0
E08000008,Tameside,121,2022,-2.163535,53.490925,0,0,0,0,0,30,1,6,6,0
E08000008,Tameside,121,2023,-2.163535,53.490925,0,0,0,0,0,30,1,6,6,0
E08000008,Tameside,121,2024,-2.163535,53.490925,0,0,0,0,0,30,1,6,6,0
E08000008,Tameside,122,2019,-2.1364075,53.47715933333333,0,0,0,0,0,30,1,3,6,3
E08000008,Tameside,122,2020,-2.1364075,53.47715933333333,3,3,0,0,3,30,1,3,6,3
E08000008,Tameside,122,2021,-2.1364075,53.47715933333333,2,3,0,1,1,30,1,3,6,3
E08000008,Tameside,122,2022,-2.1364075,53.47715933333333,1,1,0,0,1,30,1,3,6,3
E08000008,Tameside,122,2023,-2.1364075,53.47715933333333,0,0,0,0,0,30,1,3,6,3
E08000008,Tameside,122,2024,-2.1364075,53.47715933333333,0,0,0,0,0,30,1,3,6,3
E08000008,Tameside,123,2019,-2.093646,53.449032333333335,0,0,0,0,0,30,1,6,6,0
E08000008,Tameside,123,2020,-2.093646,53.449032333333335,1,1,0,0,1,30,1,6,6,0
E08000008,Tameside,123,2021,-2.093646,53.449032333333335,0,0,0,0,0,30,1,6,6,0
E08000008,Tameside,123,2022,-2.093646,53.449032333333335,1,1,0,0,1,30,1,6,6,0
E08000008,Tameside,123,2023,-2.093646,53.449032333333335,1,1,0,1,0,30,1,6,6,0
E08000008,Tameside,123,2024,-2.093646,53.449032333333335,0,0,0,0,0,30,1,6,6,0
E08000008,Tameside,124,2019,-2.0496733333333332,53.46507533333333,0,0,0,0,0,30,1,6,6,0
E08000008,Tameside,124,2020,-2.0496733333333332,53.46507533333333,1,2,1,0,0,30,1,6,6,0
E08000008,Tameside,124,2021,-2.0496733333333332,53.46507533333333,1,1,0,0,1,30,1,6,6,0
E08000008,Tameside,124,2022,-2.0496733333333332,53.46507533333333,0,0,0,0,0,30,1,6,6,0
E08000008,Tameside,124,2023,-2.0496733333333332,53.46507533333333,1,1,0,0,1,30,1,6,6,0
E08000008,Tameside,124,2024,-2.0496733333333332,53.46507533333333,0,0,0,0,0,30,1,6,6,0
E08000008,Tameside,125,2019,-2.05425675,53.451891,0,0,0,0,0,30,1,3,6,3
E08000008,Tameside,125,2020,-2.05425675,53.451891,1,1,0,0,1,30,1,3,6,3
E08000008,Tameside,125,2021,-2.05425675,53.451891,3,3,0,0,3,30,1,3,6,3
E08000008,Tameside,125,2022,-2.05425675,53.451891,0,0,0,0,0,30,1,3,6,3
E08000008,Tameside,125,2023,-2.05425675,53.451891,0,0,0,0,0,30,1,3,6,3
E08000008,Tameside,125,2024,-2.05425675,53.451891,0,0,0,0,0,30,1,3,6,3
E08000008,Tameside,126,2019,-2.0971738,53.4432252,0,0,0,0,0,30,1,6,6,9
E08000008,Tameside,126,2020,-2.0971738,53.4432252,2,2,0,0,2,30,1,6,6,9
E08000008,Tameside,126,2021,-2.0971738,53.4432252,1,1,0,1,0,30,1,6,6,9
E08000008,Tameside,126,2022,-2.0971738,53.4432252,2,2,0,1,1,30,1,6,6,9
E08000008,Tameside,126,2023,-2.0971738,53.4432252,0,0,0,0,0,30,1,6,6,9
E08000008,Tameside,126,2024,-2.0971738,53.4432252,0,0,0,0,0,30,1,6,6,9
E08000008,Tameside,127,2019,-2.04084975,53.45027825,0,0,0,0,0,30,1,6,6,9
E08000008,Tameside,127,2020,-2.04084975,53.45027825,1,1,1,0,0,30,1,6,6,9
E08000008,Tameside,127,2021,-2.04084975,53.45027825,1,1,0,0,1,30,1,6,6,9
E08000008,Tameside,127,2022,-2.04084975,53.45027825,2,2,0,0,2,30,1,6,6,9
E08000008,Tameside,127,2023,-2.04084975,53.45027825,0,0,0,0,0,30,1,6,6,9
E08000008,Tameside,127,2024,-2.04084975,53.45027825,0,0,0,0,0,30,1,6,6,9
E08000008,Tameside,128,2019,-2.0128535000000003,53.4410965,0,0,0,0,0,20,1,5,6,3
E08000008,Tameside,128,2020,-2.0128535000000003,53.4410965,1,1,0,0,1,20,1,5,6,3
E08000008,Tameside,128,2021,-2.0128535000000003,53.4410965,1,2,0,0,1,20,1,5,6,3
E08000008,Tameside,128,2022,-2.0128535000000003,53.4410965,0,0,0,0,0,20,1,5,6,3
E08000008,Tameside,128,2023,-2.0128535000000003,53.4410965,0,0,0,0,0,20,1,5,6,3
E08000008,Tameside,128,2024,-2.0128535000000003,53.4410965,0,0,0,0,0,20,1,5,6,3
E08000008,Tameside,129,2019,-2.068896,53.456511142857146,0,0,0,0,0,30,1,6,6,9
E08000008,Tameside,129,2020,-2.068896,53.456511142857146,1,1,0,0,1,30,1,6,6,9
E08000008,Tameside,129,2021,-2.068896,53.456511142857146,2,3,0,1,1,30,1,6,6,9
E08000008,Tameside,129,2022,-2.068896,53.456511142857146,2,2,0,0,2,30,1,6,6,9
E08000008,Tameside,129,2023,-2.068896,53.456511142857146,2,2,0,1,1,30,1,6,6,9
E08000008,Tameside,129,2024,-2.068896,53.456511142857146,0,0,0,0,0,30,1,6,6,9
E08000008,Tameside,130,2019,-2.1192171666666666,53.492555833333334,0,0,0,0,0,70,1,1,3,0
E08000008,Tameside,130,2020,-2.1192171666666666,53.492555833333334,0,0,0,0,0,70,1,1,3,0
E08000008,Tameside,130,2021,-2.1192171666666666,53.492555833333334,2,3,0,1,1,70,1,1,3,0
E08000008,Tameside,130,2022,-2.1192171666666666,53.492555833333334,2,4,0,2,0,70,1,1,3,0
E08000008,Tameside,130,2023,-2.1192171666666666,53.492555833333334,2,3,0,0,2,70,1,1,3,0
E08000008,Tameside,130,2024,-2.1192171666666666,53.492555833333334,0,0,0,0,0,70,1,1,3,0
E08000008,Tameside,131,2019,-2.1127955,53.470609,0,0,0,0,0,20,1,6,6,9
E08000008,Tameside,131,2020,-2.1127955,53.470609,0,0,0,0,0,20,1,6,6,9
E08000008,Tameside,131,2021,-2.1127955,53.470609,1,1,0,0,1,20,1,6,6,9
E08000008,Tameside,131,2022,-2.1127955,53.470609,1,1,0,0,1,20,1,6,6,9
E08000008,Tameside,131,2023,-2.1127955,53.470609,0,0,0,0,0,20,1,6,6,9
E08000008,Tameside,131,2024,-2.1127955,53.470609,0,0,0,0,0,20,1,6,6,9
E08000008,Tameside,132,2019,-2.1154089999999997,53.4458205,0,0,0,0,0,30,1,3,6,9
E08000008,Tameside,132,2020,-2.1154089999999997,53.4458205,0,0,0,0,0,30,1,3,6,9
E08000008,Tameside,132,2021,-2.1154089999999997,53.4458205,1,1,0,1,0,30,1,3,6,9
E08000008,Tameside,132,2022,-2.1154089999999997,53.4458205,1,2,0,0,1,30,1,3,6,9
E08000008,Tameside,132,2023,-2.1154089999999997,53.4458205,0,0,0,0,0,30,1,3,6,9
E08000008,Tameside,132,2024,-2.1154089999999997,53.4458205,0,0,0,0,0,30,1,3,6,9
E08000008,Tameside,133,2019,-2.058213,53.5041044,0,0,0,0,0,30,1,3,6,0
E08000008,Tameside,133,2020,-2.058213,53.5041044,0,0,0,0,0,30,1,3,6,0
E08000008,Tameside,133,2021,-2.058213,53.5041044,3,8,0,1,2,30,1,3,6,0
E08000008,Tameside,133,2022,-2.058213,53.5041044,2,4,0,1,1,30,1,3,6,0
E08000008,Tameside,133,2023,-2.058213,53.5041044,0,0,0,0,0,30,1,3,6,0
E08000008,Tameside,133,2024,-2.058213,53.5041044,0,0,0,0,0,30,1,3,6,0
E08000008,Tameside,134,2019,-2.1670006666666666,53.481442666666666,0,0,0,0,0,30,1,6,6,6
E08000008,Tameside,134,2020,-2.1670006666666666,53.481442666666666,0,0,0,0,0,30,1,6,6,6
E08000008,Tameside,134,2021,-2.1670006666666666,53.481442666666666,1,1,1,0,0,30,1,6,6,6
E08000008,Tameside,134,2022,-2.1670006666666666,53.481442666666666,2,5,0,1,1,30,1,6,6,6
E08000008,Tameside,134,2023,-2.1670006666666666,53.481442666666666,0,0,0,0,0,30,1,6,6,6
E08000008,Tameside,134,2024,-2.1670006666666666,53.481442666666666,0,0,0,0,0,30,1,6,6,6
E08000008,Tameside,135,2019,-2.0471446666666666,53.48051366666667,0,0,0,0,0,30,1,3,6,0
E08000008,Tameside,135,2020,-2.0471446666666666,53.48051366666667,0,0,0,0,0,30,1,3,6,0
E08000008,Tameside,135,2021,-2.0471446666666666,53.48051366666667,1,2,0,1,0,30,1,3,6,0
E08000008,Tameside,135,2022,-2.0471446666666666,53.48051366666667,1,1,0,1,0,30,1,3,6,0
E08000008,Tameside,135,2023,-2.0471446666666666,53.48051366666667,1,1,0,0,1,30,1,3,6,0
E08000008,Tameside,135,2024,-2.0471446666666666,53.48051366666667,0,0,0,0,0,30,1,3,6,0
E08000008,Tameside,136,2019,-2.092636,53.518011,0,0,0,0,0,60,2,6,6,0
E08000008,Tameside,136,2020,-2.092636,53.518011,0,0,0,0,0,60,2,6,6,0
E08000008,Tameside,136,2021,-2.092636,53.518011,1,2,0,0,1,60,2,6,6,0
E08000008,Tameside,136,2022,-2.092636,53.518011,0,0,0,0,0,60,2,6,6,0
E08000008,Tameside,136,2023,-2.092636,53.518011,0,0,0,0,0,60,2,6,6,0
E08000008,Tameside,136,2024,-2.092636,53.518011,0,0,0,0,0,60,2,6,6,0
E08000008,Tameside,137,2019,-1.9952985,53.461148,0,0,0,0,0,30,1,3,6,0
E08000008,Tameside,137,2020,-1.9952985,53.461148,0,0,0,0,0,30,1,3,6,0
E08000008,Tameside,137,2021,-1.9952985,53.461148,1,1,0,1,0,30,1,3,6,0
E08000008,Tameside,137,2022,-1.9952985,53.461148,1,1,0,0,1,30,1,3,6,0
E08000008,Tameside,137,2023,-1.9952985,53.461148,0,0,0,0,0,30,1,3,6,0
E08000008,Tameside,137,2024,-1.9952985,53.461148,0,0,0,0,0,30,1,3,6,0
E08000008,Tameside,138,2019,-2.0789135,53.465622833333335,0,0,0,0,0,30,1,4,6,3
E08000008,Tameside,138,2020,-2.0789135,53.465622833333335,0,0,0,0,0,30,1,4,6,3
E08000008,Tameside,138,2021,-2.0789135,53.465622833333335,1,1,0,0,1,30,1,4,6,3
E08000008,Tameside,138,2022,-2.0789135,53.465622833333335,3,3,0,0,3,30,1,4,6,3
E08000008,Tameside,138,2023,-2.0789135,53.465622833333335,2,2,0,1,1,30,1,4,6,3
E08000008,Tameside,138,2024,-2.0789135,53.465622833333335,0,0,0,0,0,30,1,4,6,3
E08000008,Tameside,139,2019,-2.122953,53.498326,0,0,0,0,0,30,1,6,6,9
E08000008,Tameside,139,2020,-2.122953,53.498326,0,0,0,0,0,30,1,6,6,9
E08000008,Tameside,139,2021,-2.122953,53.498326,1,1,0,0,1,30,1,6,6,9
E08000008,Tameside,139,2022,-2.122953,53.498326,0,0,0,0,0,30,1,6,6,9
E08000008,Tameside,139,2023,-2.122953,53.498326,0,0,0,0,0,30,1,6,6,9
E08000008,Tameside,139,2024,-2.122953,53.498326,0,0,0,0,0,30,1,6,6,9
E08000008,Tameside,140,2019,-2.068486,53.43988,0,0,0,0,0,30,1,4,6,3
E08000008,Tameside,140,2020,-2.068486,53.43988,0,0,0,0,0,30,1,4,6,3
E08000008,Tameside,140,2021,-2.068486,53.43988,1,1,0,1,0,30,1,4,6,3
E08000008,Tameside,140,2022,-2.068486,53.43988,1,1,0,0,1,30,1,4,6,3
E08000008,Tameside,140,2023,-2.068486,53.43988,2,2,0,2,0,30,1,4,6,3
E08000008,Tameside,140,2024,-2.068486,53.43988,0,0,0,0,0,30,1,4,6,3
E08000008,Tameside,141,2019,-2.026213333333333,53.502676666666666,0,0,0,0,0,30,1,6,6,0
E08000008,Tameside,141,2020,-2.026213333333333,53.502676666666666,0,0,0,0,0,30,1,6,6,0
E08000008,Tameside,141,2021,-2.026213333333333,53.502676666666666,1,2,0,0,1,30,1,6,6,0
E08000008,Tameside,141,2022,-2.026213333333333,53.502676666666666,1,1,0,1,0,30,1,6,6,0
E08000008,Tameside,141,2023,-2.026213333333333,53.502676666666666,1,3,0,0,1,30,1,6,6,0
E08000008,Tameside,141,2024,-2.026213333333333,53.502676666666666,0,0,0,0,0,30,1,6,6,0
E08000008,Tameside,142,2019,-2.040955,53.473344,0,0,0,0,0,30,1,3,6,3
E08000008,Tameside,142,2020,-2.040955,53.473344,0,0,0,0,0,30,1,3,6,3
E08000008,Tameside,142,2021,-2.040955,53.473344,0,0,0,0,0,30,1,3,6,3
E08000008,Tameside,142,2022,-2.040955,53.473344,1,1,0,1,0,30,1,3,6,3
E08000008,Tameside,142,2023,-2.040955,53.473344,0,0,0,0,0,30,1,3,6,3
E08000008,Tameside,142,2024,-2.040955,53.473344,0,0,0,0,0,30,1,3,6,3
E08000008,Tameside,143,2019,-2.1157765,53.500067,0,0,0,0,0,30,1,6,6,0
E08000008,Tameside,143,2020,-2.1157765,53.500067,0,0,0,0,0,30,1,6,6,0
E08000008,Tameside,143,2021,-2.1157765,53.500067,0,0,0,0,0,30,1,6,6,0
E08000008,Tameside,143,2022,-2.1157765,53.500067,2,2,0,0,2,30,1,6,6,0
E08000008,Tameside,143,2023,-2.1157765,53.500067,0,0,0,0,0,30,1,6,6,0
E08000008,Tameside,143,2024,-2.1157765,53.500067,0,0,0,0,0,30,1,6,6,0
E08000008,Tameside,144,2019,-2.025595,53.5220835,0,0,0,0,0,30,2,4,6,0
E08000008,Tameside,144,2020,-2.025595,53.5220835,0,0,0,0,0,30,2,4,6,0
E08000008,Tameside,144,2021,-2.025595,53.5220835,0,0,0,0,0,30,2,4,6,0
E08000008,Tameside,144,2022,-2.025595,53.5220835,1,1,0,0,1,30,2,4,6,0
E08000008,Tameside,144,2023,-2.025595,53.5220835,1,1,0,0,1,30,2,4,6,0
E08000008,Tameside,144,2024,-2.025595,53.5220835,0,0,0,0,0,30,2,4,6,0
E08000008,Tameside,145,2019,-2.08881225,53.47916075,0,0,0,0,0,30,1,4,6,6
E08000008,Tameside,145,2020,-2.08881225,53.47916075,0,0,0,0,0,30,1,4,6,6
E08000008,Tameside,145,2021,-2.08881225,53.47916075,0,0,0,0,0,30,1,4,6,6
E08000008,Tameside,145,2022,-2.08881225,53.47916075,1,2,0,1,0,30,1,4,6,6
E08000008,Tameside,145,2023,-2.08881225,53.47916075,3,3,0,2,1,30,1,4,6,6
E08000008,Tameside,145,2024,-2.08881225,53.47916075,0,0,0,0,0,30,1,4,6,6
E08000008,Tameside,146,2019,-2.0729664999999997,53.4804525,0,0,0,0,0,30,1,4,6,0
E08000008,Tameside,146,2020,-2.0729664999999997,53.4804525,0,0,0,0,0,30,1,4,6,0
E08000008,Tameside,146,2021,-2.0729664999999997,53.4804525,0,0,0,0,0,30,1,4,6,0
E08000008,Tameside,146,2022,-2.0729664999999997,53.4804525,2,4,0,1,1,30,1,4,6,0
E08000008,Tameside,146,2023,-2.0729664999999997,53.4804525,0,0,0,0,0,30,1,4,6,0
E08000008,Tameside,146,2024,-2.0729664999999997,53.4804525,0,0,0,0,0,30,1,4,6,0
E08000008,Tameside,147,2019,-2.1503076666666665,53.456541,0,0,0,0,0,30,1,3,3,3
E08000008,Tameside,147,2020,-2.1503076666666665,53.456541,0,0,0,0,0,30,1,3,3,3
E08000008,Tameside,147,2021,-2.1503076666666665,53.456541,0,0,0,0,0,30,1,3,3,3
E08000008,Tameside,147,2022,-2.1503076666666665,53.456541,2,5,0,0,2,30,1,3,3,3
E08000008,Tameside,147,2023,-2.1503076666666665,53.456541,1,1,0,0,1,30,1,3,3,3
E08000008,Tameside,147,2024,-2.1503076666666665,53.456541,0,0,0,0,0,30,1,3,3,3
E08000008,Tameside,148,2019,-2.1537384999999998,53.47589,0,0,0,0,0,20,1,6,6,0
E08000008,Tameside,148,2020,-2.1537384999999998,53.47589,0,0,0,0,0,20,1,6,6,0
E08000008,Tameside,148,2021,-2.1537384999999998,53.47589,0,0,0,0,0,20,1,6,6,0
E08000008,Tameside,148,2022,-2.1537384999999998,53.47589,1,1,0,0,1,20,1,6,6,0
E08000008,Tameside,148,2023,-2.1537384999999998,53.47589,1,1,0,0,1,20,1,6,6,0
E08000008,Tameside,148,2024,-2.1537384999999998,53.47589,0,0,0,0,0,20,1,6,6,0
E08000008,Tameside,149,2019,-2.039069,53.437436,0,0,0,0,0,30,2,6,9,0
E08000008,Tameside,149,2020,-2.039069,53.437436,0,0,0,0,0,30,2,6,9,0
E08000008,Tameside,149,2021,-2.039069,53.437436,0,0,0,0,0,30,2,6,9,0
E08000008,Tameside,149,2022,-2.039069,53.437436,1,1,0,0,1,30,2,6,9,0
E08000008,Tameside,149,2023,-2.039069,53.437436,0,0,0,0,0,30,2,6,9,0
E08000008,Tameside,149,2024,-2.039069,53.437436,0,0,0,0,0,30,2,6,9,0
E08000008,Tameside,150,2019,-2.035837,53.513794,0,0,0,0,0,30,1,6,6,3
E08000008,Tameside,150,2020,-2.035837,53.513794,0,0,0,0,0,30,1,6,6,3
E08000008,Tameside,150,2021,-2.035837,53.513794,0,0,0,0,0,30,1,6,6,3
E08000008,Tameside,150,2022,-2.035837,53.513794,1,1,1,0,0,30,1,6,6,3
E08000008,Tameside,150,2023,-2.035837,53.513794,0,0,0,0,0,30,1,6,6,3
E08000008,Tameside,150,2024,-2.035837,53.513794,0,0,0,0,0,30,1,6,6,3
E08000008,Tameside,151,2019,-2.133835,53.449480666666666,0,0,0,0,0,30,1,6,6,0
E08000008,Tameside,151,2020,-2.133835,53.449480666666666,0,0,0,0,0,30,1,6,6,0
E08000008,Tameside,151,2021,-2.133835,53.449480666666666,0,0,0,0,0,30,1,6,6,0
E08000008,Tameside,151,2022,-2.133835,53.449480666666666,0,0,0,0,0,30,1,6,6,0
E08000008,Tameside,151,2023,-2.133835,53.449480666666666,3,4,1,1,1,30,1,6,6,0
E08000008,Tameside,151,2024,-2.133835,53.449480666666666,0,0,0,0,0,30,1,6,6,0
E08000008,Tameside,152,2019,-2.029544,53.442454,0,0,0,0,0,30,1,6,2,0
E08000008,Tameside,152,2020,-2.029544,53.442454,0,0,0,0,0,30,1,6,2,0
E08000008,Tameside,152,2021,-2.029544,53.442454,0,0,0,0,0,30,1,6,2,0
E08000008,Tameside,152,2022,-2.029544,53.442454,0,0,0,0,0,30,1,6,2,0
E08000008,Tameside,152,2023,-2.029544,53.442454,1,1,0,1,0,30,1,6,2,0
E08000008,Tameside,152,2024,-2.029544,53.442454,0,0,0,0,0,30,1,6,2,0
E08000008,Tameside,153,2019,-2.1170006666666668,53.484002,0,0,0,0,0,70,1,1,3,0
E08000008,Tameside,153,2020,-2.1170006666666668,53.484002,0,0,0,0,0,70,1,1,3,0
E08000008,Tameside,153,2021,-2.1170006666666668,53.484002,0,0,0,0,0,70,1,1,3,0
E08000008,Tameside,153,2022,-2.1170006666666668,53.484002,0,0,0,0,0,70,1,1,3,0
E08000008,Tameside,153,2023,-2.1170006666666668,53.484002,3,4,0,1,2,70,1,1,3,0
E08000008,Tameside,153,2024,-2.1170006666666668,53.484002,0,0,0,0,0,70,1,1,3,0
E08000008,Tameside,154,2019,-2.083589,53.434141,0,0,0,0,0,20,2,3,6,0
E08000008,Tameside,154,2020,-2.083589,53.434141,0,0,0,0,0,20,2,3,6,0
E08000008,Tameside,154,2021,-2.083589,53.434141,0,0,0,0,0,20,2,3,6,0
E08000008,Tameside,154,2022,-2.083589,53.434141,0,0,0,0,0,20,2,3,6,0
E08000008,Tameside,154,2023,-2.083589,53.434141,1,1,0,0,1,20,2,3,6,0
E08000008,Tameside,154,2024,-2.083589,53.434141,0,0,0,0,0,20,2,3,6,0
E08000008,Tameside,155,2019,-2.036514,53.529667,0,0,0,0,0,30,2,3,6,0
E08000008,Tameside,155,2020,-2.036514,53.529667,0,0,0,0,0,30,2,3,6,0
E08000008,Tameside,155,2021,-2.036514,53.529667,0,0,0,0,0,30,2,3,6,0
E08000008,Tameside,155,2022,-2.036514,53.529667,0,0,0,0,0,30,2,3,6,0
E08000008,Tameside,155,2023,-2.036514,53.529667,1,1,0,0,1,30,2,3,6,0
E08000008,Tameside,155,2024,-2.036514,53.529667,0,0,0,0,0,30,2,3,6,0
E08000008,Tameside,156,2019,-2.062699,53.476085,0,0,0,0,0,30,1,6,6,3
E08000008,Tameside,156,2020,-2.062699,53.476085,0,0,0,0,0,30,1,6,6,3
E08000008,Tameside,156,2021,-2.062699,53.476085,0,0,0,0,0,30,1,6,6,3
E08000008,Tameside,156,2022,-2.062699,53.476085,0,0,0,0,0,30,1,6,6,3
E08000008,Tameside,156,2023,-2.062699,53.476085,1,1,0,0,1,30,1,6,6,3
E08000008,Tameside,156,2024,-2.062699,53.476085,0,0,0,0,0,30,1,6,6,3
